,ageRange,isLGBT+,gmtOffset,isStudent,weeklyConsFreq,sociallyAnxious,isPayer,prefersSubs,visQuality,storyQuality,characterRelatability,vTuberSub,consumesHMat,wantsMoreSeinen,Enby,Man,Woman,locAs,locEu,locNA,locOc,locSA,eduAA/AS,eduBA/BS,eduHS,eduHSDropout,eduMS,eduPhD,eduT/VS,isFullTimer,isPartTimer,isUnemployed,watchesAnime,readsManga,readsDoujins,readsLNs,playsVNs,platformAFSS,platformCOPY,platformGSS,platformN/A,platformOTHER,1favAction,1favComedy/SoL,1favFantasy,1favRom/Dram,1favSciFi/M&M,1favSupernatural,1favPsycho,2favAction,2favComedy/SoL,2favFantasy,2favRom/Dram,2favSciFi/M&M,2favSupernatural,2favPsycho,overHMaybe,overHNo,overHYes,socIncMaybe,socIncNo,socIncYes
0,1.0,0.0,11.0,1.0,7.0,0.0,1.0,1.0,8.0,6.0,3.0,1.0,1.0,1.0,0,1,0,0,0,0,1,0,0,0,1,0,0,0,0,0,0,1,1.0,1.0,1.0,0.0,0.0,0,0,0,0,1,0,1,0,0,0,0,0,0,0,0,1,0,0,0,0,0,1,1,0,0
1,1.0,0.0,-5.0,0.0,7.0,0.0,1.0,1.0,9.0,8.0,5.0,0.0,0.0,1.0,0,0,1,0,0,1,0,0,1,0,0,0,0,0,0,1,0,0,1.0,1.0,0.0,1.0,1.0,0,0,0,0,1,0,0,0,0,1,0,0,1,0,0,0,0,0,0,1,0,0,1,0,0
2,0.0,1.0,-5.0,1.0,6.0,1.0,1.0,1.0,8.0,8.0,7.0,1.0,0.0,1.0,0,0,1,0,0,1,0,0,0,0,0,1,0,0,0,0,0,1,1.0,1.0,0.0,0.0,0.0,0,0,1,0,0,0,1,0,0,0,0,0,1,0,0,0,0,0,0,1,0,0,0,0,1
3,1.0,0.0,0.0,1.0,4.0,1.0,1.0,0.0,9.0,7.0,9.0,0.0,1.0,1.0,0,1,0,0,1,0,0,0,0,1,0,0,0,0,0,0,0,1,1.0,0.0,0.0,0.0,0.0,1,0,0,0,0,0,0,0,0,1,0,0,1,0,0,0,0,0,0,1,0,0,0,0,1
4,0.0,0.0,-6.0,1.0,4.0,0.0,1.0,1.0,6.0,7.0,5.0,1.0,0.0,1.0,0,1,0,0,0,1,0,0,0,0,0,1,0,0,0,0,0,1,1.0,1.0,0.0,1.0,0.0,1,0,0,0,0,0,1,0,0,0,0,0,0,0,1,0,0,0,0,0,1,0,0,1,0
5,3.0,0.0,1.0,0.0,7.0,1.0,1.0,1.0,4.0,8.0,4.0,0.0,1.0,1.0,0,1,0,0,1,0,0,0,0,1,0,0,0,0,0,1,0,0,1.0,1.0,0.0,0.0,1.0,1,0,0,0,0,0,0,0,1,0,0,0,0,1,0,0,0,0,0,0,1,0,0,1,0
6,1.0,0.0,-5.0,0.0,7.0,1.0,0.0,0.0,3.0,10.0,9.0,1.0,0.0,1.0,0,1,0,0,0,1,0,0,0,1,0,0,0,0,0,1,0,0,1.0,1.0,0.0,0.0,0.0,0,0,1,0,0,0,0,0,0,0,0,1,1,0,0,0,0,0,0,0,0,1,0,0,1
7,2.0,0.0,0.0,1.0,3.0,1.0,0.0,1.0,7.0,9.0,8.0,1.0,1.0,1.0,0,1,0,1,0,0,0,0,0,1,0,0,0,0,0,1,0,0,1.0,1.0,1.0,0.0,0.0,0,0,1,0,0,0,1,0,0,0,0,0,0,0,0,0,0,0,1,0,0,1,0,0,1
8,1.0,0.0,-5.0,0.0,7.0,1.0,1.0,0.0,8.0,10.0,7.0,1.0,1.0,1.0,0,1,0,0,0,1,0,0,0,0,1,0,0,0,0,0,0,1,1.0,1.0,1.0,0.0,0.0,0,0,0,0,1,0,0,0,1,0,0,0,0,0,0,0,0,0,1,0,1,0,0,1,0
9,1.0,0.0,-5.0,0.0,2.0,1.0,0.0,1.0,9.0,9.0,6.0,0.0,0.0,1.0,0,0,1,0,0,1,0,0,0,1,0,0,0,0,0,1,0,0,1.0,1.0,0.0,0.0,0.0,0,0,1,0,0,0,0,0,0,1,0,0,0,0,0,0,0,0,1,0,0,1,0,0,1
10,3.0,0.0,-8.0,1.0,7.0,0.0,0.0,1.0,7.0,8.0,0.0,0.0,0.0,1.0,0,1,0,0,0,1,0,0,0,0,0,0,1,0,0,0,0,1,1.0,0.0,0.0,0.0,0.0,0,0,0,0,1,0,1,0,0,0,0,0,0,0,0,0,0,0,1,1,0,0,1,0,0
11,1.0,0.0,1.0,1.0,7.0,1.0,1.0,1.0,5.0,8.0,8.0,0.0,0.0,1.0,0,1,0,0,1,0,0,0,0,0,1,0,0,0,0,0,0,1,1.0,1.0,0.0,0.0,1.0,1,0,0,0,0,0,0,0,1,0,0,0,0,0,0,0,0,0,1,0,0,1,0,0,1
12,0.0,0.0,8.0,1.0,7.0,0.0,0.0,1.0,5.0,10.0,9.0,0.0,0.0,1.0,0,1,0,1,0,0,0,0,0,0,0,1,0,0,0,1,0,0,1.0,0.0,0.0,1.0,0.0,0,0,0,0,1,0,0,0,0,0,0,1,0,0,0,1,0,0,0,0,0,1,0,0,1
13,2.0,0.0,-5.0,0.0,3.0,1.0,1.0,1.0,7.0,9.0,6.0,0.0,1.0,1.0,0,1,0,0,0,1,0,0,0,1,0,0,0,0,0,1,0,0,1.0,1.0,1.0,0.0,0.0,1,0,0,0,0,0,0,0,0,1,0,0,0,0,0,1,0,0,0,0,0,1,0,0,1
14,1.0,0.0,-6.0,1.0,2.0,1.0,0.0,1.0,7.0,9.0,6.0,0.0,1.0,1.0,0,0,1,0,0,1,0,0,0,0,1,0,0,0,0,0,1,0,1.0,1.0,0.0,0.0,0.0,1,0,0,0,0,0,1,0,0,0,0,0,1,0,0,0,0,0,0,0,0,1,0,0,1
15,5.0,0.0,-6.0,0.0,7.0,1.0,0.0,1.0,6.0,8.0,2.0,0.0,1.0,0.0,0,1,0,0,0,1,0,0,0,1,0,0,0,0,0,1,0,0,1.0,1.0,0.0,1.0,0.0,0,0,0,0,1,0,0,1,0,0,0,0,0,1,0,0,0,0,0,0,0,1,0,1,0
16,1.0,0.0,11.0,1.0,7.0,0.0,1.0,1.0,8.0,10.0,10.0,0.0,0.0,1.0,0,0,1,0,0,0,1,0,0,1,0,0,0,0,0,0,0,1,1.0,1.0,0.0,0.0,0.0,1,0,0,0,0,0,1,0,0,0,0,0,0,0,0,0,1,0,0,0,0,1,0,0,1
17,1.0,0.0,-5.0,0.0,7.0,1.0,1.0,1.0,8.0,10.0,0.0,0.0,1.0,1.0,0,1,0,0,0,1,0,0,0,0,1,0,0,0,0,1,0,0,1.0,1.0,0.0,0.0,1.0,1,0,0,0,0,0,0,0,0,0,0,1,0,0,0,1,0,0,0,0,1,0,0,1,0
18,1.0,0.0,-6.0,1.0,3.0,1.0,1.0,1.0,7.0,8.0,5.0,1.0,1.0,1.0,0,1,0,0,0,1,0,0,1,0,0,0,0,0,0,1,0,0,1.0,1.0,1.0,1.0,1.0,1,0,0,0,0,1,0,0,0,0,0,0,0,0,0,1,0,0,0,0,0,1,1,0,0
19,1.0,1.0,-5.0,0.0,4.0,1.0,1.0,1.0,6.0,9.0,3.0,0.0,1.0,1.0,0,0,1,0,0,1,0,0,1,0,0,0,0,0,0,0,1,0,1.0,1.0,0.0,0.0,0.0,0,0,0,0,1,0,0,0,0,1,0,0,1,0,0,0,0,0,0,0,1,0,0,0,1
20,1.0,0.0,0.0,1.0,7.0,0.0,1.0,1.0,8.0,10.0,5.0,0.0,0.0,1.0,0,1,0,0,0,1,0,0,0,0,1,0,0,0,0,0,1,0,1.0,0.0,0.0,0.0,1.0,1,0,0,0,0,0,0,0,0,0,0,1,1,0,0,0,0,0,0,0,0,1,0,0,1
21,2.0,1.0,-8.0,0.0,3.0,1.0,1.0,1.0,7.0,8.0,7.0,0.0,0.0,1.0,0,0,1,0,0,1,0,0,0,1,0,0,0,0,0,1,0,0,1.0,1.0,0.0,1.0,1.0,1,0,0,0,0,0,0,0,0,0,0,1,0,0,0,0,0,1,0,1,0,0,1,0,0
22,1.0,1.0,-6.0,1.0,5.0,1.0,1.0,1.0,2.0,9.0,1.0,0.0,0.0,1.0,0,0,1,0,0,1,0,0,0,0,1,0,0,0,0,0,1,0,1.0,1.0,0.0,1.0,1.0,1,0,0,0,0,0,0,0,0,0,0,1,0,0,0,1,0,0,0,0,0,1,1,0,0
24,1.0,0.0,8.0,0.0,7.0,1.0,0.0,1.0,7.0,7.0,9.0,0.0,0.0,1.0,0,1,0,1,0,0,0,0,0,0,1,0,0,0,0,1,0,0,1.0,1.0,0.0,0.0,1.0,0,0,0,0,1,1,0,0,0,0,0,0,0,0,0,0,0,1,0,1,0,0,0,0,1
25,1.0,1.0,1.0,1.0,6.0,1.0,1.0,0.0,3.0,9.0,7.0,0.0,0.0,1.0,0,1,0,0,1,0,0,0,0,1,0,0,0,0,0,0,0,1,1.0,1.0,0.0,0.0,0.0,1,0,0,0,0,0,0,0,1,0,0,0,0,1,0,0,0,0,0,0,0,1,0,0,1
26,1.0,0.0,13.0,1.0,6.0,1.0,0.0,1.0,8.0,7.0,1.0,1.0,1.0,0.0,0,1,0,0,0,0,1,0,0,0,1,0,0,0,0,0,0,1,1.0,1.0,1.0,0.0,1.0,0,1,0,0,0,0,1,0,0,0,0,0,0,0,0,1,0,0,0,0,1,0,0,1,0
28,1.0,0.0,5.5,1.0,7.0,1.0,0.0,1.0,8.0,10.0,9.0,0.0,1.0,1.0,0,0,1,1,0,0,0,0,0,1,0,0,0,0,0,0,0,1,1.0,1.0,1.0,0.0,0.0,0,0,1,0,0,1,0,0,0,0,0,0,0,0,0,1,0,0,0,1,0,0,0,0,1
29,1.0,0.0,-5.0,0.0,6.0,0.0,1.0,1.0,9.0,10.0,4.0,0.0,0.0,1.0,0,1,0,0,0,1,0,0,0,1,0,0,0,0,0,1,0,0,1.0,1.0,0.0,0.0,0.0,1,0,0,0,0,0,1,0,0,0,0,0,1,0,0,0,0,0,0,0,0,1,0,0,1
30,2.0,0.0,9.5,1.0,7.0,1.0,1.0,1.0,5.0,8.0,5.0,0.0,1.0,0.0,0,1,0,0,0,0,1,0,0,1,0,0,0,0,0,0,0,0,1.0,1.0,1.0,1.0,0.0,0,0,0,0,1,0,0,0,0,0,1,0,0,0,1,0,0,0,0,0,1,0,0,1,0
31,1.0,0.0,-5.0,1.0,2.0,1.0,1.0,1.0,7.0,9.0,6.0,1.0,1.0,1.0,0,1,0,0,0,1,0,0,1,0,0,0,0,0,0,0,0,1,1.0,1.0,1.0,0.0,0.0,1,0,0,0,0,1,0,0,0,0,0,0,0,0,0,0,1,0,0,0,0,1,0,0,1
32,1.0,0.0,-5.0,1.0,2.0,1.0,1.0,1.0,7.0,9.0,6.0,1.0,1.0,1.0,0,1,0,0,0,1,0,0,1,0,0,0,0,0,0,0,0,1,1.0,1.0,1.0,0.0,0.0,1,0,0,0,0,1,0,0,0,0,0,0,0,0,0,0,1,0,0,0,0,1,0,0,1
33,1.0,0.0,-5.0,1.0,2.0,1.0,1.0,1.0,7.0,9.0,6.0,1.0,1.0,1.0,0,1,0,0,0,1,0,0,1,0,0,0,0,0,0,0,0,1,1.0,1.0,1.0,0.0,0.0,1,0,0,0,0,1,0,0,0,0,0,0,0,0,0,0,1,0,0,0,0,1,0,0,1
34,4.0,0.0,-5.0,0.0,7.0,1.0,1.0,0.0,9.0,9.0,1.0,0.0,1.0,0.0,0,0,1,0,0,1,0,0,0,0,1,0,0,0,0,1,0,0,1.0,1.0,1.0,0.0,0.0,1,0,0,0,0,1,0,0,0,0,0,0,0,0,0,0,0,0,1,0,1,0,0,1,0
35,1.0,0.0,1.0,1.0,4.0,0.0,1.0,1.0,7.0,9.0,6.0,1.0,1.0,1.0,0,1,0,0,1,0,0,0,0,0,0,1,0,0,0,0,0,1,1.0,1.0,0.0,0.0,0.0,1,0,0,0,0,1,0,0,0,0,0,0,0,1,0,0,0,0,0,0,0,1,1,0,0
36,2.0,0.0,-5.0,0.0,7.0,1.0,0.0,1.0,8.0,8.0,7.0,0.0,1.0,1.0,0,1,0,0,0,1,0,0,0,1,0,0,0,0,0,1,0,0,1.0,1.0,1.0,1.0,1.0,0,0,0,0,1,0,1,0,0,0,0,0,0,0,0,1,0,0,0,1,0,0,1,0,0
37,2.0,0.0,-5.0,0.0,5.0,1.0,1.0,0.0,9.0,10.0,0.0,1.0,1.0,1.0,0,0,1,0,0,1,0,0,0,1,0,0,0,0,0,1,0,0,1.0,1.0,1.0,0.0,0.0,1,0,0,0,0,0,0,0,0,1,0,0,0,0,1,0,0,0,0,0,0,1,0,0,1
38,1.0,0.0,-5.0,1.0,5.0,1.0,0.0,1.0,9.0,8.0,1.0,0.0,1.0,1.0,0,1,0,0,0,1,0,0,0,0,0,0,1,0,0,0,1,0,1.0,1.0,0.0,0.0,0.0,0,0,0,0,1,0,0,0,1,0,0,0,1,0,0,0,0,0,0,0,1,0,0,1,0
39,1.0,1.0,-5.0,1.0,2.0,1.0,1.0,0.0,4.0,8.0,4.0,0.0,0.0,1.0,0,0,1,0,0,1,0,0,0,0,1,0,0,0,0,0,1,0,1.0,0.0,0.0,0.0,1.0,1,0,0,0,0,0,0,0,1,0,0,0,0,1,0,0,0,0,0,0,0,1,1,0,0
40,1.0,0.0,-5.0,1.0,7.0,1.0,0.0,1.0,7.0,9.0,8.0,1.0,1.0,1.0,0,1,0,0,0,1,0,0,0,0,0,1,0,0,0,0,0,1,1.0,1.0,1.0,1.0,0.0,1,0,0,0,0,0,0,0,1,0,0,0,0,1,0,0,0,0,0,0,0,1,0,0,1
41,1.0,0.0,-8.0,1.0,6.0,1.0,1.0,0.0,9.0,8.0,5.0,0.0,1.0,1.0,0,1,0,0,0,1,0,0,1,0,0,0,0,0,0,0,0,1,1.0,0.0,1.0,0.0,0.0,0,0,0,0,1,1,0,0,0,0,0,0,0,0,0,1,0,0,0,0,1,0,1,0,0
42,1.0,1.0,-6.0,1.0,4.0,1.0,1.0,1.0,8.0,8.0,3.0,1.0,1.0,1.0,1,0,0,0,0,1,0,0,1,0,0,0,0,0,0,0,0,1,1.0,1.0,0.0,0.0,0.0,0,0,1,0,0,0,1,0,0,0,0,0,0,0,0,0,0,0,1,0,0,1,0,0,1
43,0.0,0.0,-6.0,1.0,7.0,0.0,0.0,1.0,8.0,10.0,8.0,1.0,1.0,1.0,0,1,0,0,0,1,0,0,0,0,0,1,0,0,0,0,0,1,1.0,1.0,1.0,1.0,0.0,1,0,0,0,0,0,0,0,0,0,0,1,0,0,0,0,1,0,0,0,0,1,0,0,1
44,2.0,0.0,-5.0,0.0,5.0,1.0,1.0,0.0,0.0,10.0,0.0,0.0,0.0,1.0,0,1,0,0,0,1,0,0,0,0,1,0,0,0,0,0,0,1,1.0,1.0,0.0,1.0,1.0,0,0,1,0,0,0,0,0,0,0,0,1,0,0,0,0,1,0,0,0,1,0,0,0,1
45,1.0,0.0,5.5,1.0,7.0,0.0,0.0,1.0,8.0,8.0,3.0,0.0,1.0,1.0,0,1,0,1,0,0,0,0,0,1,0,0,0,0,0,0,0,1,1.0,0.0,1.0,0.0,0.0,0,0,0,0,1,0,1,0,0,0,0,0,0,0,1,0,0,0,0,1,0,0,1,0,0
46,0.0,1.0,-5.0,1.0,6.0,0.0,0.0,1.0,8.0,8.0,2.0,1.0,0.0,1.0,0,1,0,0,0,1,0,0,0,0,0,1,0,0,0,0,0,1,1.0,0.0,0.0,0.0,0.0,0,0,1,0,0,0,0,0,0,0,0,1,0,1,0,0,0,0,0,0,0,1,0,0,1
47,1.0,0.0,-6.0,0.0,6.0,1.0,0.0,0.0,7.0,10.0,4.0,0.0,0.0,1.0,0,1,0,0,0,1,0,0,1,0,0,0,0,0,0,1,0,0,1.0,0.0,0.0,0.0,0.0,0,0,1,0,0,0,0,0,0,0,1,0,1,0,0,0,0,0,0,0,0,1,0,0,1
48,3.0,0.0,-4.0,0.0,7.0,1.0,1.0,1.0,6.0,8.0,5.0,0.0,0.0,1.0,0,1,0,0,0,1,0,0,0,1,0,0,0,0,0,1,0,0,1.0,0.0,0.0,1.0,1.0,1,0,0,0,0,0,0,0,0,1,0,0,0,1,0,0,0,0,0,1,0,0,1,0,0
49,1.0,1.0,-5.0,1.0,3.0,1.0,1.0,1.0,7.0,9.0,5.0,1.0,1.0,1.0,0,1,0,0,0,1,0,0,0,1,0,0,0,0,0,0,1,0,1.0,1.0,0.0,0.0,0.0,1,0,0,0,0,0,0,0,0,0,0,1,0,1,0,0,0,0,0,0,0,1,1,0,0
50,1.0,0.0,1.0,0.0,5.0,1.0,0.0,1.0,5.0,8.0,4.0,1.0,1.0,1.0,0,1,0,0,1,0,0,0,0,0,1,0,0,0,0,0,0,1,1.0,1.0,1.0,1.0,1.0,0,0,0,0,1,0,0,1,0,0,0,0,0,0,0,0,0,1,0,0,0,1,1,0,0
51,1.0,0.0,-5.0,1.0,7.0,0.0,1.0,1.0,8.0,10.0,4.0,1.0,1.0,1.0,0,1,0,0,0,1,0,0,0,1,0,0,0,0,0,0,1,0,1.0,1.0,1.0,1.0,1.0,1,0,0,0,0,1,0,0,0,0,0,0,0,0,0,1,0,0,0,0,0,1,0,0,1
52,1.0,0.0,-6.0,0.0,6.0,1.0,0.0,1.0,7.0,10.0,3.0,0.0,1.0,1.0,0,1,0,0,0,1,0,0,0,0,1,0,0,0,0,1,0,0,1.0,0.0,1.0,0.0,0.0,0,0,0,0,1,0,0,0,0,0,1,0,0,0,0,0,0,0,1,0,0,1,1,0,0
53,3.0,0.0,-5.0,0.0,7.0,1.0,0.0,1.0,0.0,0.0,5.0,0.0,1.0,0.0,1,0,0,0,0,1,0,0,0,0,1,0,0,0,0,0,0,1,1.0,1.0,1.0,1.0,1.0,0,0,0,0,1,0,0,0,0,0,0,1,0,0,0,0,0,1,0,0,1,0,0,1,0
54,1.0,0.0,-8.0,1.0,2.0,1.0,1.0,1.0,8.0,10.0,8.0,0.0,1.0,1.0,0,1,0,0,0,1,0,0,0,1,0,0,0,0,0,0,0,1,1.0,1.0,1.0,1.0,0.0,0,0,1,0,0,0,1,0,0,0,0,0,0,0,0,1,0,0,0,0,0,1,1,0,0
55,1.0,0.0,-6.0,0.0,4.0,0.0,1.0,1.0,8.0,10.0,9.0,0.0,1.0,1.0,0,1,0,0,0,0,0,1,0,1,0,0,0,0,0,1,0,0,1.0,1.0,0.0,1.0,1.0,0,0,0,0,1,0,0,0,0,0,0,1,0,0,0,0,1,0,0,1,0,0,0,1,0
56,1.0,0.0,0.0,1.0,3.0,0.0,0.0,1.0,6.0,8.0,0.0,0.0,0.0,1.0,0,1,0,0,1,0,0,0,1,0,0,0,0,0,0,0,0,1,1.0,0.0,0.0,0.0,0.0,0,0,0,0,1,1,0,0,0,0,0,0,0,0,0,0,0,1,0,0,0,1,0,0,1
57,2.0,1.0,-5.0,0.0,1.0,1.0,1.0,1.0,5.0,10.0,3.0,1.0,0.0,1.0,0,0,1,0,0,1,0,0,0,1,0,0,0,0,0,1,0,0,1.0,1.0,1.0,0.0,0.0,1,0,0,0,0,0,0,0,0,0,1,0,0,0,0,1,0,0,0,0,0,1,0,0,1
59,1.0,0.0,0.0,1.0,4.0,1.0,0.0,1.0,7.0,8.0,5.0,1.0,1.0,1.0,0,1,0,0,1,0,0,0,0,1,0,0,0,0,0,0,0,1,1.0,1.0,1.0,1.0,0.0,0,0,0,0,1,1,0,0,0,0,0,0,0,0,1,0,0,0,0,0,0,1,0,0,1
60,3.0,0.0,-8.0,0.0,4.0,0.0,1.0,1.0,2.0,8.0,3.0,0.0,1.0,1.0,0,1,0,0,0,1,0,0,0,1,0,0,0,0,0,1,0,0,1.0,1.0,1.0,0.0,1.0,1,0,0,0,0,0,0,0,0,1,0,0,1,0,0,0,0,0,0,0,1,0,1,0,0
61,1.0,0.0,-5.0,1.0,3.0,1.0,1.0,1.0,7.0,9.0,7.0,1.0,0.0,1.0,0,1,0,0,0,1,0,0,1,0,0,0,0,0,0,0,0,1,1.0,0.0,0.0,0.0,0.0,0,0,0,0,1,0,0,0,0,0,0,1,0,0,0,1,0,0,0,0,0,1,0,1,0
62,1.0,0.0,-5.0,0.0,7.0,1.0,1.0,1.0,6.0,10.0,0.0,0.0,1.0,1.0,0,1,0,0,0,1,0,0,0,0,1,0,0,0,0,0,1,0,1.0,1.0,1.0,0.0,0.0,0,0,0,0,1,1,0,0,0,0,0,0,0,1,0,0,0,0,0,0,1,0,1,0,0
63,1.0,0.0,-5.0,1.0,6.0,0.0,0.0,1.0,8.0,10.0,6.0,0.0,1.0,1.0,0,1,0,0,0,1,0,0,0,0,0,1,0,0,0,0,1,0,1.0,1.0,0.0,0.0,0.0,0,0,0,0,1,0,1,0,0,0,0,0,0,0,0,1,0,0,0,1,0,0,0,0,1
64,2.0,0.0,13.0,0.0,2.0,1.0,1.0,1.0,6.0,8.0,6.0,1.0,1.0,1.0,0,1,0,0,0,0,1,0,0,1,0,0,0,0,0,0,0,1,1.0,0.0,0.0,0.0,0.0,0,0,0,0,1,1,0,0,0,0,0,0,0,0,0,1,0,0,0,0,0,1,1,0,0
66,2.0,0.0,-5.0,0.0,7.0,0.0,1.0,0.0,8.0,7.0,3.0,0.0,1.0,1.0,0,1,0,0,0,1,0,0,0,1,0,0,0,0,0,1,0,0,1.0,0.0,0.0,0.0,1.0,1,0,0,0,0,0,0,0,0,0,1,0,1,0,0,0,0,0,0,0,0,1,1,0,0
67,1.0,1.0,-4.0,0.0,6.0,1.0,1.0,1.0,8.0,9.0,4.0,0.0,1.0,1.0,0,1,0,0,0,1,0,0,0,0,0,1,0,0,0,0,1,0,1.0,1.0,1.0,0.0,0.0,1,0,0,0,0,1,0,0,0,0,0,0,0,0,1,0,0,0,0,1,0,0,0,0,1
68,1.0,0.0,-5.0,0.0,7.0,1.0,0.0,1.0,8.0,10.0,1.0,1.0,1.0,1.0,0,1,0,0,0,1,0,0,0,1,0,0,0,0,0,0,0,1,1.0,1.0,1.0,0.0,0.0,1,0,0,0,0,0,0,0,1,0,0,0,0,0,0,0,0,0,1,0,0,1,1,0,0
69,1.0,0.0,-5.0,0.0,7.0,0.0,0.0,1.0,8.0,8.0,5.0,0.0,0.0,1.0,0,0,1,0,0,1,0,0,0,0,0,0,1,0,0,1,0,0,1.0,1.0,1.0,0.0,0.0,0,0,0,0,1,0,0,1,0,0,0,0,0,1,0,0,0,0,0,0,0,1,1,0,0
70,0.0,1.0,-5.0,1.0,5.0,1.0,0.0,0.0,8.0,9.0,5.0,0.0,1.0,0.0,0,1,0,0,0,1,0,0,0,0,0,1,0,0,0,0,0,1,1.0,1.0,0.0,0.0,0.0,1,0,0,0,0,0,0,0,0,0,0,1,1,0,0,0,0,0,0,0,0,1,0,0,1
71,1.0,0.0,-5.0,1.0,6.0,1.0,1.0,0.0,7.0,9.0,4.0,0.0,0.0,1.0,0,1,0,0,0,1,0,0,0,1,0,0,0,0,0,1,0,0,1.0,1.0,0.0,0.0,0.0,1,0,0,0,0,0,1,0,0,0,0,0,1,0,0,0,0,0,0,0,0,1,0,0,1
72,2.0,0.0,-3.0,0.0,7.0,1.0,1.0,1.0,7.0,6.0,3.0,1.0,1.0,1.0,0,1,0,0,0,0,0,1,0,1,0,0,0,0,0,1,0,0,1.0,0.0,0.0,1.0,1.0,0,0,0,0,1,0,0,0,1,0,0,0,0,1,0,0,0,0,0,0,0,1,0,0,1
73,1.0,0.0,-6.0,0.0,3.0,0.0,0.0,1.0,5.0,9.0,3.0,0.0,0.0,1.0,0,0,1,0,0,1,0,0,0,1,0,0,0,0,0,1,0,0,1.0,1.0,0.0,0.0,0.0,0,0,0,0,1,0,0,0,0,0,0,1,0,0,0,1,0,0,0,0,0,1,1,0,0
74,0.0,0.0,-7.0,1.0,6.0,1.0,1.0,1.0,8.0,9.0,6.0,0.0,1.0,1.0,0,1,0,0,0,1,0,0,0,0,0,1,0,0,0,0,0,1,1.0,1.0,1.0,1.0,1.0,0,0,0,0,1,0,0,1,0,0,0,0,1,0,0,0,0,0,0,0,0,1,0,1,0
75,2.0,1.0,-5.0,0.0,3.0,1.0,1.0,1.0,10.0,10.0,7.0,1.0,0.0,1.0,0,0,1,0,0,1,0,0,0,0,0,0,1,0,0,1,0,0,1.0,1.0,1.0,0.0,1.0,1,0,0,0,0,1,0,0,0,0,0,0,0,0,0,0,0,0,1,0,0,1,0,0,1
76,3.0,0.0,-6.0,0.0,7.0,1.0,1.0,1.0,7.0,7.0,5.0,0.0,1.0,0.0,0,1,0,0,0,1,0,0,0,0,1,0,0,0,0,1,0,0,1.0,1.0,1.0,1.0,1.0,1,0,0,0,0,0,0,1,0,0,0,0,0,1,0,0,0,0,0,0,1,0,0,1,0
77,2.0,0.0,-5.0,0.0,6.0,1.0,1.0,0.0,8.0,9.0,6.0,0.0,0.0,1.0,0,0,1,0,0,1,0,0,0,1,0,0,0,0,0,1,0,0,1.0,1.0,0.0,1.0,1.0,1,0,0,0,0,0,1,0,0,0,0,0,0,0,0,1,0,0,0,0,0,1,1,0,0
78,4.0,0.0,-6.0,0.0,7.0,0.0,1.0,1.0,8.0,9.0,7.0,0.0,1.0,1.0,0,1,0,0,0,1,0,0,0,0,1,0,0,0,0,1,0,0,1.0,1.0,1.0,1.0,0.0,1,0,0,0,0,0,1,0,0,0,0,0,0,0,1,0,0,0,0,1,0,0,0,1,0
80,2.0,0.0,-8.0,0.0,7.0,1.0,1.0,1.0,7.0,8.0,5.0,1.0,1.0,1.0,0,1,0,0,0,1,0,0,0,1,0,0,0,0,0,1,0,0,1.0,1.0,1.0,0.0,0.0,1,0,0,0,0,0,0,0,0,1,0,0,0,1,0,0,0,0,0,0,0,1,1,0,0
81,0.0,1.0,-6.0,1.0,6.0,1.0,0.0,1.0,5.0,8.0,4.0,1.0,0.0,1.0,0,0,1,0,0,1,0,0,0,0,0,1,0,0,0,0,0,1,1.0,1.0,1.0,1.0,0.0,0,0,0,0,1,0,0,0,0,0,0,1,0,1,0,0,0,0,0,0,0,1,0,0,1
82,1.0,0.0,-6.0,0.0,7.0,0.0,1.0,1.0,5.0,10.0,5.0,0.0,0.0,1.0,0,1,0,0,0,1,0,0,0,1,0,0,0,0,0,1,0,0,1.0,1.0,0.0,0.0,1.0,0,0,1,0,0,0,0,0,0,1,0,0,0,1,0,0,0,0,0,0,1,0,0,0,1
84,2.0,0.0,0.0,0.0,7.0,1.0,1.0,1.0,7.0,9.0,8.0,0.0,0.0,1.0,0,1,0,0,1,0,0,0,0,1,0,0,0,0,0,1,0,0,1.0,1.0,0.0,0.0,1.0,1,0,0,0,0,0,0,0,1,0,0,0,0,1,0,0,0,0,0,1,0,0,1,0,0
85,2.0,0.0,-6.0,0.0,3.0,1.0,1.0,1.0,9.0,10.0,7.0,0.0,0.0,1.0,0,1,0,0,0,1,0,0,0,0,1,0,0,0,0,1,0,0,1.0,1.0,0.0,0.0,0.0,1,0,0,0,0,1,0,0,0,0,0,0,0,0,0,0,0,0,1,0,0,1,1,0,0
86,1.0,0.0,-7.0,1.0,4.0,0.0,0.0,1.0,6.0,10.0,2.0,1.0,1.0,1.0,0,1,0,0,0,1,0,0,0,0,1,0,0,0,0,0,0,1,1.0,1.0,0.0,0.0,0.0,0,0,0,0,1,0,0,0,0,0,0,1,0,1,0,0,0,0,0,0,0,1,1,0,0
87,1.0,0.0,-5.0,1.0,4.0,0.0,1.0,0.0,8.0,9.0,7.0,0.0,1.0,1.0,0,1,0,0,0,1,0,0,0,1,0,0,0,0,0,0,1,0,1.0,0.0,0.0,0.0,1.0,1,0,0,0,0,1,0,0,0,0,0,0,0,0,0,0,0,0,1,0,0,1,0,0,1
88,1.0,0.0,-5.0,1.0,7.0,0.0,0.0,1.0,7.0,8.0,4.0,1.0,0.0,1.0,0,1,0,0,0,1,0,0,0,0,1,0,0,0,0,0,1,0,1.0,1.0,0.0,1.0,1.0,0,0,0,0,1,0,0,0,1,0,0,0,0,0,0,0,0,0,1,0,0,1,1,0,0
90,1.0,0.0,-8.0,1.0,4.0,0.0,0.0,1.0,6.0,9.0,7.0,0.0,0.0,1.0,0,1,0,0,0,1,0,0,0,1,0,0,0,0,0,0,0,1,1.0,0.0,0.0,0.0,0.0,0,0,1,0,0,0,0,0,0,0,0,1,0,0,0,1,0,0,0,0,0,1,0,0,1
91,1.0,0.0,-5.0,1.0,6.0,1.0,1.0,1.0,7.0,9.0,8.0,0.0,1.0,1.0,0,1,0,0,0,1,0,0,0,0,1,0,0,0,0,0,0,1,1.0,1.0,1.0,1.0,1.0,0,0,0,0,1,1,0,0,0,0,0,0,0,0,0,1,0,0,0,0,0,1,0,1,0
92,2.0,0.0,-6.0,0.0,7.0,1.0,1.0,1.0,7.0,8.0,5.0,1.0,1.0,1.0,0,0,1,1,0,0,0,0,0,0,0,0,1,0,0,1,0,0,1.0,1.0,1.0,1.0,1.0,1,0,0,0,0,0,0,0,0,0,1,0,0,0,1,0,0,0,0,0,0,1,1,0,0
93,1.0,0.0,-5.0,1.0,7.0,0.0,1.0,1.0,5.0,5.0,5.0,0.0,1.0,1.0,0,1,0,0,0,1,0,0,1,0,0,0,0,0,0,0,1,0,1.0,1.0,0.0,0.0,0.0,1,0,0,0,0,0,0,1,0,0,0,0,0,0,0,1,0,0,0,1,0,0,1,0,0
94,1.0,0.0,-5.0,1.0,7.0,1.0,1.0,1.0,8.0,7.0,8.0,0.0,1.0,1.0,0,1,0,0,0,1,0,0,1,0,0,0,0,0,0,0,1,0,1.0,1.0,1.0,1.0,0.0,1,0,0,0,0,0,1,0,0,0,0,0,1,0,0,0,0,0,0,1,0,0,1,0,0
95,1.0,1.0,-6.0,1.0,3.0,0.0,0.0,1.0,7.0,10.0,2.0,0.0,0.0,1.0,0,1,0,0,0,1,0,0,0,1,0,0,0,0,0,1,0,0,1.0,0.0,0.0,0.0,0.0,0,0,0,0,1,0,0,0,1,0,0,0,1,0,0,0,0,0,0,0,0,1,1,0,0
96,1.0,0.0,0.0,0.0,4.0,1.0,1.0,1.0,5.0,7.0,3.0,1.0,1.0,1.0,0,1,0,0,0,1,0,0,0,0,0,0,0,0,1,1,0,0,1.0,0.0,0.0,1.0,1.0,1,0,0,0,0,0,0,1,0,0,0,0,0,0,0,1,0,0,0,1,0,0,0,1,0
97,1.0,0.0,-5.0,1.0,7.0,1.0,0.0,1.0,7.0,9.0,7.0,0.0,1.0,1.0,0,0,1,0,0,1,0,0,0,1,0,0,0,0,0,0,1,0,1.0,0.0,0.0,0.0,0.0,0,0,0,0,1,1,0,0,0,0,0,0,0,1,0,0,0,0,0,0,0,1,0,0,1
98,1.0,1.0,0.0,1.0,4.0,1.0,0.0,1.0,6.0,6.0,7.0,0.0,1.0,1.0,0,1,0,1,0,0,0,0,0,1,0,0,0,0,0,0,0,1,1.0,1.0,0.0,0.0,0.0,0,0,0,0,1,0,0,0,0,0,0,1,1,0,0,0,0,0,0,1,0,0,1,0,0
100,0.0,0.0,-6.0,1.0,5.0,0.0,1.0,1.0,6.0,8.0,4.0,0.0,1.0,0.0,0,1,0,0,0,1,0,0,0,0,0,1,0,0,0,0,0,1,1.0,1.0,1.0,0.0,0.0,1,0,0,0,0,0,0,0,1,0,0,0,0,1,0,0,0,0,0,1,0,0,1,0,0
101,0.0,0.0,-8.0,1.0,7.0,1.0,1.0,1.0,6.0,8.0,5.0,0.0,1.0,1.0,0,1,0,0,0,1,0,0,0,0,0,1,0,0,0,0,0,1,1.0,1.0,1.0,1.0,1.0,1,0,0,0,0,0,0,0,0,0,0,1,0,0,0,0,0,1,0,1,0,0,1,0,0
102,1.0,0.0,-6.0,0.0,4.0,0.0,0.0,0.0,8.0,10.0,7.0,0.0,1.0,1.0,0,1,0,0,0,1,0,0,0,1,0,0,0,0,0,1,0,0,1.0,1.0,0.0,0.0,0.0,0,0,0,0,1,0,0,0,1,0,0,0,1,0,0,0,0,0,0,0,0,1,1,0,0
103,2.0,0.0,-6.0,0.0,5.0,1.0,1.0,0.0,7.0,10.0,5.0,0.0,0.0,1.0,0,1,0,0,0,1,0,0,0,0,0,0,1,0,0,0,0,1,1.0,1.0,0.0,0.0,0.0,1,0,0,0,0,0,0,0,0,1,0,0,1,0,0,0,0,0,0,0,0,1,0,0,1
104,2.0,1.0,0.0,0.0,1.0,1.0,0.0,1.0,10.0,6.0,7.0,0.0,0.0,0.0,1,0,0,0,1,0,0,0,0,0,0,1,0,0,0,1,0,0,1.0,0.0,0.0,0.0,0.0,0,0,0,0,1,0,1,0,0,0,0,0,0,0,0,1,0,0,0,0,0,1,0,0,1
105,2.0,0.0,-6.0,0.0,7.0,1.0,1.0,1.0,7.0,8.0,8.0,0.0,1.0,1.0,0,1,0,0,0,1,0,0,0,1,0,0,0,0,0,0,0,1,1.0,0.0,0.0,0.0,0.0,1,0,0,0,0,1,0,0,0,0,0,0,0,0,1,0,0,0,0,0,0,1,0,0,1
106,0.0,0.0,1.0,1.0,7.0,0.0,1.0,1.0,6.0,8.0,8.0,1.0,1.0,1.0,0,1,0,0,1,0,0,0,0,0,0,1,0,0,0,0,0,1,1.0,1.0,1.0,1.0,0.0,1,0,0,0,0,0,0,1,0,0,0,0,0,0,0,0,0,1,0,0,0,1,1,0,0
107,1.0,0.0,-8.0,0.0,7.0,1.0,0.0,1.0,7.0,9.0,8.0,0.0,1.0,1.0,0,1,0,0,0,1,0,0,0,0,1,0,0,0,0,0,0,1,1.0,1.0,0.0,0.0,0.0,0,0,0,0,1,0,0,0,0,0,0,1,1,0,0,0,0,0,0,0,0,1,0,0,1
108,1.0,1.0,-7.0,0.0,2.0,1.0,1.0,1.0,7.0,8.0,3.0,0.0,1.0,1.0,1,0,0,0,0,1,0,0,0,0,0,0,1,0,0,0,0,1,1.0,0.0,0.0,0.0,1.0,0,0,1,0,0,0,1,0,0,0,0,0,1,0,0,0,0,0,0,0,0,1,0,0,1
109,2.0,0.0,-5.0,1.0,6.0,1.0,0.0,1.0,8.0,9.0,7.0,0.0,1.0,1.0,0,1,0,0,0,1,0,0,0,0,1,0,0,0,0,0,0,1,1.0,1.0,0.0,0.0,0.0,0,0,0,0,1,0,0,1,0,0,0,0,1,0,0,0,0,0,0,0,0,1,1,0,0
110,1.0,1.0,-7.0,1.0,1.0,1.0,1.0,1.0,9.0,10.0,8.0,0.0,1.0,1.0,1,0,0,0,0,1,0,0,0,0,0,0,1,0,0,1,0,0,1.0,0.0,1.0,1.0,0.0,1,0,0,0,0,0,1,0,0,0,0,0,0,0,0,0,0,0,1,0,0,1,0,0,1
111,1.0,0.0,-8.0,1.0,2.0,1.0,1.0,1.0,9.0,9.0,0.0,0.0,0.0,1.0,0,1,0,0,0,1,0,0,0,0,1,0,0,0,0,0,0,1,1.0,1.0,0.0,0.0,0.0,0,0,0,0,1,1,0,0,0,0,0,0,0,0,0,0,1,0,0,0,0,1,0,0,1
112,0.0,0.0,-5.0,1.0,7.0,1.0,0.0,1.0,7.0,6.0,7.0,0.0,0.0,1.0,0,1,0,0,0,1,0,0,0,0,0,1,0,0,0,0,0,1,1.0,1.0,0.0,0.0,0.0,0,0,0,0,1,1,0,0,0,0,0,0,0,1,0,0,0,0,0,0,1,0,0,1,0
113,1.0,0.0,2.0,1.0,7.0,0.0,0.0,1.0,9.0,6.0,6.0,0.0,0.0,1.0,0,1,0,0,1,0,0,0,0,0,0,1,0,0,0,0,0,1,1.0,0.0,0.0,0.0,0.0,1,0,0,0,0,1,0,0,0,0,0,0,0,0,0,0,0,1,0,0,1,0,0,1,0
114,0.0,0.0,-6.0,1.0,6.0,1.0,0.0,1.0,7.0,8.0,3.0,1.0,1.0,0.0,0,1,0,0,0,1,0,0,0,0,0,1,0,0,0,0,0,1,1.0,0.0,1.0,0.0,0.0,1,0,0,0,0,0,0,1,0,0,0,0,1,0,0,0,0,0,0,1,0,0,0,1,0
116,1.0,0.0,-5.0,1.0,5.0,1.0,0.0,0.0,5.0,8.0,7.0,0.0,0.0,1.0,0,1,0,0,0,1,0,0,0,0,1,0,0,0,0,0,0,1,1.0,0.0,0.0,0.0,0.0,0,0,1,0,0,1,0,0,0,0,0,0,0,0,1,0,0,0,0,0,1,0,1,0,0
117,1.0,0.0,-8.0,1.0,4.0,1.0,0.0,1.0,8.0,9.0,0.0,1.0,0.0,1.0,0,1,0,0,0,1,0,0,0,0,1,0,0,0,0,0,1,0,1.0,1.0,0.0,1.0,1.0,1,0,0,0,0,0,1,0,0,0,0,0,0,0,0,1,0,0,0,0,0,1,0,0,1
118,1.0,1.0,-6.0,1.0,7.0,1.0,0.0,1.0,7.0,5.0,3.0,0.0,1.0,1.0,0,1,0,0,0,1,0,0,0,1,0,0,0,0,0,0,0,1,1.0,1.0,1.0,0.0,1.0,0,0,0,0,1,0,0,0,0,1,0,0,0,1,0,0,0,0,0,0,0,1,0,1,0
119,1.0,0.0,2.0,1.0,2.0,1.0,0.0,1.0,6.0,10.0,5.0,0.0,1.0,1.0,0,1,0,0,1,0,0,0,0,0,1,0,0,0,0,0,0,1,1.0,0.0,0.0,0.0,0.0,0,0,0,0,1,1,0,0,0,0,0,0,0,0,0,1,0,0,0,0,0,1,1,0,0
120,1.0,0.0,2.0,1.0,6.0,1.0,1.0,1.0,8.0,10.0,6.0,0.0,0.0,1.0,0,1,0,0,0,1,0,0,0,0,1,0,0,0,0,0,1,0,1.0,0.0,0.0,0.0,0.0,1,0,0,0,0,1,0,0,0,0,0,0,0,0,0,0,0,0,1,0,0,1,0,0,1
121,1.0,0.0,-5.0,1.0,7.0,0.0,1.0,1.0,6.0,6.0,5.0,1.0,1.0,1.0,0,1,0,0,0,1,0,0,0,0,0,0,1,0,0,0,0,1,1.0,1.0,1.0,1.0,1.0,1,0,0,0,0,0,0,0,0,0,0,1,0,0,0,0,1,0,0,0,1,0,0,1,0
122,2.0,0.0,-8.0,0.0,3.0,1.0,1.0,1.0,7.0,9.0,6.0,0.0,1.0,1.0,0,1,0,0,0,1,0,0,0,0,0,0,1,0,0,1,0,0,1.0,0.0,0.0,0.0,0.0,1,0,0,0,0,0,0,0,0,0,0,1,0,0,0,0,0,1,0,0,0,1,0,0,1
123,1.0,0.0,-8.0,0.0,3.0,1.0,1.0,1.0,7.0,10.0,5.0,0.0,0.0,1.0,0,1,0,0,0,1,0,0,0,0,1,0,0,0,0,0,0,1,1.0,1.0,0.0,0.0,0.0,0,0,0,0,1,1,0,0,0,0,0,0,0,0,0,0,0,0,1,0,0,1,1,0,0
124,1.0,1.0,-5.0,1.0,6.0,1.0,1.0,1.0,8.0,6.0,2.0,1.0,1.0,1.0,0,0,1,0,0,1,0,0,0,1,0,0,0,0,0,0,0,1,1.0,1.0,0.0,0.0,1.0,0,0,0,0,1,0,1,0,0,0,0,0,0,0,0,1,0,0,0,0,0,1,0,0,1
125,2.0,0.0,-5.0,0.0,6.0,1.0,1.0,1.0,4.0,8.0,2.0,0.0,1.0,1.0,0,1,0,0,0,1,0,0,0,0,0,0,1,0,0,1,0,0,1.0,1.0,1.0,0.0,0.0,1,0,0,0,0,0,0,0,0,0,1,0,0,0,0,1,0,0,0,0,0,1,0,1,0
126,1.0,0.0,7.0,1.0,6.0,1.0,0.0,1.0,8.0,10.0,8.0,1.0,1.0,1.0,0,1,0,1,0,0,0,0,0,1,0,0,0,0,0,0,0,1,1.0,1.0,1.0,0.0,0.0,0,0,1,0,0,0,1,0,0,0,0,0,0,0,0,1,0,0,0,0,0,1,0,0,1
127,1.0,0.0,1.0,1.0,6.0,1.0,1.0,1.0,5.0,9.0,4.0,0.0,1.0,1.0,0,1,0,0,1,0,0,0,0,0,0,1,0,0,0,0,1,0,1.0,1.0,0.0,0.0,0.0,0,0,0,0,1,0,0,0,1,0,0,0,0,1,0,0,0,0,0,0,0,1,1,0,0
128,1.0,0.0,-8.0,0.0,7.0,1.0,0.0,1.0,8.0,9.0,6.0,0.0,1.0,1.0,0,1,0,0,0,1,0,0,0,1,0,0,0,0,0,1,0,0,1.0,1.0,1.0,1.0,0.0,0,0,0,0,1,0,0,1,0,0,0,0,0,1,0,0,0,0,0,0,0,1,0,1,0
129,1.0,0.0,11.0,1.0,2.0,1.0,0.0,1.0,7.0,9.0,7.0,0.0,1.0,1.0,0,1,0,0,0,0,1,0,0,0,1,0,0,0,0,0,0,1,1.0,1.0,1.0,0.0,0.0,0,0,0,0,1,1,0,0,0,0,0,0,0,0,0,0,0,1,0,0,0,1,1,0,0
130,3.0,0.0,-7.0,0.0,7.0,1.0,1.0,1.0,7.0,9.0,7.0,1.0,1.0,1.0,0,1,0,0,0,1,0,0,0,1,0,0,0,0,0,0,0,1,1.0,1.0,1.0,1.0,1.0,1,0,0,0,0,0,0,0,0,1,0,0,0,1,0,0,0,0,0,0,0,1,0,1,0
132,2.0,0.0,1.0,0.0,4.0,1.0,0.0,0.0,6.0,9.0,3.0,0.0,0.0,1.0,0,1,0,0,1,0,0,0,0,0,0,0,0,0,1,1,0,0,1.0,0.0,0.0,0.0,1.0,1,0,0,0,0,0,1,0,0,0,0,0,0,0,0,1,0,0,0,0,0,1,0,0,1
133,2.0,0.0,10.0,0.0,2.0,0.0,1.0,1.0,7.0,9.0,5.0,0.0,0.0,1.0,0,0,1,0,0,0,1,0,0,0,0,0,1,0,0,1,0,0,1.0,1.0,0.0,0.0,0.0,1,0,0,0,0,0,0,0,0,0,1,0,0,1,0,0,0,0,0,0,0,1,0,0,1
134,1.0,0.0,-5.0,1.0,7.0,1.0,1.0,1.0,6.0,8.0,7.0,0.0,1.0,1.0,0,1,0,0,0,1,0,0,0,1,0,0,0,0,0,1,0,0,1.0,0.0,1.0,0.0,0.0,1,0,0,0,0,0,1,0,0,0,0,0,1,0,0,0,0,0,0,0,0,1,0,0,1
135,3.0,0.0,1.0,0.0,4.0,1.0,1.0,1.0,8.0,8.0,8.0,0.0,1.0,1.0,0,1,0,0,1,0,0,0,0,0,1,0,0,0,0,1,0,0,1.0,1.0,0.0,0.0,0.0,1,0,0,0,0,0,0,1,0,0,0,0,0,0,0,0,0,1,0,0,0,1,0,1,0
136,1.0,1.0,-6.0,1.0,7.0,0.0,1.0,1.0,3.0,10.0,8.0,1.0,0.0,1.0,0,1,0,0,0,1,0,0,0,0,1,0,0,0,0,0,1,0,1.0,1.0,0.0,1.0,1.0,1,0,0,0,0,0,0,0,0,0,0,1,0,1,0,0,0,0,0,0,0,1,0,0,1
137,2.0,0.0,-6.0,1.0,7.0,0.0,0.0,1.0,8.0,7.0,0.0,0.0,1.0,0.0,0,1,0,0,0,1,0,0,0,0,0,0,1,0,0,0,1,0,1.0,1.0,0.0,1.0,0.0,1,0,0,0,0,0,0,0,1,0,0,0,0,1,0,0,0,0,0,0,1,0,0,1,0
138,1.0,0.0,-8.0,0.0,7.0,1.0,1.0,0.0,9.0,9.0,8.0,0.0,1.0,1.0,0,1,0,0,0,1,0,0,0,0,1,0,0,0,0,0,1,0,1.0,1.0,1.0,0.0,0.0,1,0,0,0,0,1,0,0,0,0,0,0,0,1,0,0,0,0,0,0,0,1,0,0,1
139,0.0,0.0,8.0,1.0,7.0,1.0,0.0,1.0,7.0,9.0,10.0,1.0,0.0,1.0,0,1,0,1,0,0,0,0,0,0,0,1,0,0,0,0,0,1,1.0,1.0,0.0,1.0,1.0,0,0,0,0,1,0,0,1,0,0,0,0,0,0,0,0,0,1,0,0,0,1,1,0,0
140,3.0,0.0,8.0,0.0,4.0,1.0,0.0,1.0,8.0,9.0,7.0,0.0,0.0,1.0,0,1,0,1,0,0,0,0,0,1,0,0,0,0,0,0,0,1,1.0,1.0,0.0,0.0,0.0,0,0,0,0,1,1,0,0,0,0,0,0,0,0,0,0,1,0,0,0,0,1,0,0,1
141,1.0,0.0,11.0,1.0,7.0,0.0,0.0,1.0,9.0,10.0,7.0,0.0,1.0,1.0,0,1,0,0,0,0,1,0,0,0,1,0,0,0,0,0,0,1,1.0,0.0,0.0,0.0,0.0,0,0,0,0,1,0,0,0,1,0,0,0,1,0,0,0,0,0,0,0,0,1,0,0,1
142,1.0,0.0,-5.0,1.0,2.0,0.0,0.0,0.0,9.0,6.0,8.0,0.0,1.0,1.0,0,1,0,0,0,1,0,0,0,0,1,0,0,0,0,1,0,0,1.0,0.0,0.0,0.0,0.0,1,0,0,0,0,0,0,1,0,0,0,0,0,1,0,0,0,0,0,0,1,0,1,0,0
143,3.0,0.0,8.0,0.0,3.0,1.0,0.0,1.0,7.0,7.0,3.0,1.0,0.0,1.0,0,1,0,1,0,0,0,0,0,1,0,0,0,0,0,1,0,0,1.0,1.0,0.0,0.0,1.0,0,0,0,0,1,0,0,0,0,0,0,1,0,1,0,0,0,0,0,1,0,0,1,0,0
145,1.0,0.0,2.0,0.0,6.0,1.0,1.0,1.0,8.0,7.0,1.0,1.0,1.0,1.0,0,1,0,0,1,0,0,0,0,1,0,0,0,0,0,1,0,0,1.0,1.0,1.0,1.0,0.0,0,0,0,0,1,0,0,0,0,0,1,0,0,1,0,0,0,0,0,1,0,0,1,0,0
146,1.0,1.0,8.0,1.0,2.0,1.0,0.0,1.0,6.0,8.0,6.0,0.0,0.0,1.0,0,0,1,1,0,0,0,0,0,0,0,1,0,0,0,0,0,1,1.0,1.0,0.0,0.0,0.0,0,0,0,0,1,1,0,0,0,0,0,0,0,0,0,1,0,0,0,0,0,1,1,0,0
147,1.0,0.0,-5.0,1.0,3.0,1.0,1.0,1.0,5.0,8.0,6.0,0.0,0.0,1.0,0,1,0,0,0,1,0,0,0,0,1,0,0,0,0,0,0,1,1.0,0.0,0.0,0.0,0.0,1,0,0,0,0,1,0,0,0,0,0,0,0,0,0,0,1,0,0,0,0,1,0,0,1
148,2.0,0.0,-7.0,0.0,2.0,1.0,0.0,1.0,10.0,7.0,5.0,0.0,1.0,1.0,1,0,0,0,0,1,0,0,0,0,0,0,0,1,0,1,0,0,1.0,1.0,1.0,0.0,1.0,0,0,0,0,1,0,0,0,0,0,0,1,0,0,0,1,0,0,0,0,0,1,1,0,0
149,1.0,0.0,-8.0,0.0,5.0,1.0,0.0,1.0,8.0,5.0,2.0,0.0,0.0,1.0,0,1,0,0,0,1,0,0,0,1,0,0,0,0,0,0,0,1,1.0,0.0,0.0,0.0,0.0,1,0,0,0,0,0,0,0,0,1,0,0,0,0,0,0,0,0,1,1,0,0,0,1,0
150,2.0,0.0,-5.0,0.0,1.0,1.0,1.0,0.0,8.0,8.0,7.0,0.0,1.0,1.0,0,1,0,0,0,1,0,0,0,1,0,0,0,0,0,1,0,0,1.0,0.0,0.0,0.0,0.0,1,0,0,0,0,1,0,0,0,0,0,0,0,1,0,0,0,0,0,0,0,1,0,0,1
151,2.0,0.0,-5.0,0.0,7.0,1.0,0.0,1.0,7.0,5.0,8.0,1.0,1.0,1.0,0,1,0,0,0,1,0,0,0,1,0,0,0,0,0,1,0,0,1.0,1.0,1.0,0.0,0.0,0,0,0,0,1,0,1,0,0,0,0,0,0,0,1,0,0,0,0,1,0,0,1,0,0
152,1.0,0.0,-8.0,1.0,3.0,0.0,1.0,1.0,8.0,8.0,3.0,0.0,0.0,1.0,0,1,0,0,0,1,0,0,0,0,1,0,0,0,0,0,1,0,1.0,1.0,0.0,0.0,0.0,0,0,0,0,1,1,0,0,0,0,0,0,0,1,0,0,0,0,0,1,0,0,1,0,0
153,1.0,0.0,5.75,1.0,7.0,0.0,0.0,1.0,4.0,7.0,7.0,1.0,1.0,1.0,0,1,0,1,0,0,0,0,0,0,0,0,1,0,0,0,0,1,1.0,0.0,0.0,0.0,0.0,0,0,0,0,1,0,0,1,0,0,0,0,0,1,0,0,0,0,0,0,1,0,1,0,0
154,0.0,0.0,1.0,1.0,5.0,1.0,0.0,1.0,7.0,7.0,6.0,1.0,1.0,1.0,0,0,1,0,1,0,0,0,0,0,1,0,0,0,0,0,0,1,1.0,1.0,0.0,1.0,0.0,0,0,0,0,1,0,0,0,0,0,1,0,0,1,0,0,0,0,0,0,0,1,0,0,1
156,1.0,0.0,-6.0,1.0,5.0,1.0,0.0,1.0,7.0,8.0,7.0,1.0,0.0,1.0,0,1,0,0,0,1,0,0,0,0,1,0,0,0,0,0,0,1,1.0,1.0,0.0,0.0,0.0,0,0,0,0,1,1,0,0,0,0,0,0,0,0,0,0,0,1,0,1,0,0,0,1,0
157,1.0,1.0,-6.0,0.0,2.0,1.0,1.0,1.0,8.0,10.0,5.0,1.0,0.0,1.0,0,1,0,0,0,1,0,0,0,0,1,0,0,0,0,1,0,0,1.0,1.0,0.0,1.0,1.0,0,0,1,0,0,0,0,0,0,0,0,1,0,0,0,0,1,0,0,0,0,1,0,0,1
158,1.0,1.0,-8.0,0.0,7.0,1.0,1.0,1.0,9.0,9.0,5.0,0.0,1.0,1.0,0,0,1,0,0,1,0,0,0,1,0,0,0,0,0,1,0,0,1.0,1.0,1.0,0.0,0.0,1,0,0,0,0,1,0,0,0,0,0,0,0,0,0,1,0,0,0,0,0,1,0,0,1
160,1.0,0.0,5.5,1.0,7.0,1.0,0.0,1.0,4.0,8.0,6.0,1.0,0.0,1.0,0,1,0,1,0,0,0,0,0,1,0,0,0,0,0,0,0,1,1.0,1.0,0.0,1.0,0.0,0,0,0,0,1,0,0,0,0,0,1,0,0,0,0,0,0,0,1,0,0,1,1,0,0
161,0.0,0.0,11.0,1.0,5.0,1.0,1.0,1.0,8.0,8.0,5.0,0.0,0.0,1.0,0,1,0,0,0,0,1,0,0,0,0,1,0,0,0,0,0,1,1.0,1.0,0.0,0.0,1.0,1,0,0,0,0,1,0,0,0,0,0,0,0,0,0,1,0,0,0,1,0,0,0,0,1
162,1.0,0.0,-5.0,1.0,6.0,0.0,1.0,1.0,8.0,9.0,0.0,0.0,1.0,1.0,0,0,1,0,0,1,0,0,0,1,0,0,0,0,0,0,1,0,1.0,1.0,0.0,0.0,0.0,1,0,0,0,0,0,0,0,0,0,0,1,1,0,0,0,0,0,0,0,0,1,1,0,0
163,1.0,1.0,-6.0,0.0,5.0,1.0,1.0,1.0,10.0,10.0,9.0,1.0,1.0,1.0,1,0,0,0,0,1,0,0,0,0,0,1,0,0,0,0,1,0,1.0,1.0,0.0,0.0,0.0,1,0,0,0,0,0,0,0,0,1,0,0,0,1,0,0,0,0,0,1,0,0,0,0,1
164,2.0,0.0,-8.0,1.0,4.0,0.0,1.0,1.0,8.0,8.0,6.0,0.0,0.0,1.0,0,1,0,0,0,1,0,0,0,1,0,0,0,0,0,0,0,1,1.0,1.0,0.0,0.0,0.0,0,0,0,0,1,1,0,0,0,0,0,0,0,1,0,0,0,0,0,0,1,0,0,1,0
165,1.0,0.0,-8.0,1.0,3.0,0.0,0.0,1.0,7.0,6.0,5.0,0.0,1.0,1.0,0,1,0,0,0,1,0,0,0,0,1,0,0,0,0,0,0,1,1.0,1.0,0.0,0.0,0.0,0,0,1,0,0,1,0,0,0,0,0,0,0,0,0,1,0,0,0,0,0,1,1,0,0
167,1.0,1.0,-3.0,1.0,7.0,1.0,1.0,1.0,10.0,10.0,0.0,0.0,1.0,1.0,0,1,0,0,0,0,0,1,0,1,0,0,0,0,0,0,0,1,1.0,1.0,0.0,0.0,0.0,0,0,0,0,1,0,0,0,0,0,1,0,0,1,0,0,0,0,0,0,1,0,0,1,0
168,1.0,1.0,1.0,1.0,4.0,1.0,0.0,0.0,6.0,8.0,7.0,0.0,0.0,1.0,1,0,0,0,1,0,0,0,0,0,1,0,0,0,0,0,1,0,1.0,1.0,0.0,0.0,1.0,0,0,1,0,0,0,0,0,0,0,0,1,1,0,0,0,0,0,0,0,0,1,0,0,1
170,1.0,0.0,-8.0,0.0,3.0,0.0,1.0,1.0,8.0,8.0,4.0,0.0,1.0,1.0,0,1,0,0,0,1,0,0,0,1,0,0,0,0,0,1,0,0,1.0,1.0,0.0,0.0,0.0,1,0,0,0,0,0,0,1,0,0,0,0,1,0,0,0,0,0,0,0,0,1,1,0,0
171,2.0,0.0,8.5,0.0,7.0,0.0,0.0,1.0,7.0,10.0,0.0,0.0,1.0,1.0,0,1,0,1,0,0,0,0,0,1,0,0,0,0,0,1,0,0,1.0,1.0,1.0,1.0,1.0,0,1,0,0,0,0,0,0,0,0,0,1,0,0,0,1,0,0,0,0,0,1,0,0,1
174,1.0,0.0,5.5,1.0,3.0,1.0,0.0,1.0,8.0,10.0,7.0,0.0,1.0,1.0,0,1,0,1,0,0,0,0,0,1,0,0,0,0,0,0,0,1,1.0,0.0,0.0,0.0,0.0,0,0,0,0,1,0,0,0,0,1,0,0,1,0,0,0,0,0,0,1,0,0,1,0,0
175,1.0,0.0,1.0,1.0,7.0,0.0,0.0,1.0,8.0,10.0,4.0,1.0,1.0,1.0,0,1,0,0,1,0,0,0,0,0,0,1,0,0,0,0,0,1,1.0,1.0,1.0,1.0,1.0,0,0,0,0,1,0,0,0,0,0,0,1,0,1,0,0,0,0,0,1,0,0,0,1,0
176,1.0,1.0,-5.0,1.0,5.0,1.0,0.0,1.0,7.0,8.0,8.0,1.0,1.0,1.0,0,1,0,0,0,1,0,0,0,0,1,0,0,0,0,0,0,1,1.0,1.0,1.0,1.0,1.0,0,0,0,0,1,0,0,1,0,0,0,0,0,0,0,0,1,0,0,0,1,0,0,0,1
177,0.0,0.0,-8.0,1.0,6.0,1.0,0.0,1.0,8.0,10.0,5.0,1.0,1.0,1.0,0,1,0,0,0,1,0,0,0,0,0,1,0,0,0,0,0,1,1.0,1.0,1.0,0.0,1.0,0,0,0,0,1,1,0,0,0,0,0,0,0,0,0,1,0,0,0,0,0,1,0,0,1
178,1.0,0.0,-6.0,1.0,5.0,1.0,1.0,1.0,8.0,8.0,6.0,0.0,0.0,1.0,0,1,0,0,0,1,0,0,1,0,0,0,0,0,0,0,0,1,1.0,1.0,0.0,0.0,0.0,0,0,0,0,1,1,0,0,0,0,0,0,0,0,0,0,0,1,0,0,0,1,0,0,1
179,1.0,0.0,-6.0,1.0,3.0,0.0,0.0,1.0,8.0,6.0,3.0,1.0,0.0,1.0,0,1,0,0,0,1,0,0,0,0,1,0,0,0,0,0,0,1,1.0,0.0,0.0,0.0,0.0,0,0,0,0,1,1,0,0,0,0,0,0,0,0,0,0,0,1,0,0,0,1,0,0,1
180,1.0,1.0,-5.0,1.0,7.0,1.0,0.0,1.0,10.0,7.0,3.0,1.0,1.0,1.0,0,1,0,0,0,1,0,0,0,0,1,0,0,0,0,0,0,1,1.0,1.0,1.0,0.0,0.0,0,0,0,0,1,0,1,0,0,0,0,0,1,0,0,0,0,0,0,0,0,1,0,0,1
181,1.0,0.0,-5.0,1.0,5.0,1.0,1.0,1.0,8.0,9.0,5.0,0.0,0.0,1.0,0,1,0,0,0,1,0,0,0,0,1,0,0,0,0,0,1,0,1.0,1.0,0.0,1.0,0.0,0,0,0,0,1,0,0,0,0,0,0,1,0,0,0,1,0,0,0,1,0,0,1,0,0
183,1.0,0.0,10.0,1.0,6.0,0.0,1.0,1.0,7.0,10.0,0.0,1.0,0.0,1.0,0,1,0,0,0,0,1,0,0,0,1,0,0,0,0,0,0,1,1.0,1.0,0.0,0.0,0.0,1,0,0,0,0,0,0,0,0,0,0,1,1,0,0,0,0,0,0,0,0,1,0,0,1
184,4.0,0.0,-7.0,0.0,2.0,0.0,0.0,1.0,7.0,7.0,7.0,0.0,0.0,1.0,0,1,0,0,0,1,0,0,0,0,0,0,1,0,0,1,0,0,1.0,0.0,0.0,0.0,0.0,0,0,0,0,1,0,0,1,0,0,0,0,0,1,0,0,0,0,0,0,1,0,0,1,0
185,1.0,0.0,-5.0,0.0,5.0,1.0,1.0,1.0,4.0,10.0,8.0,0.0,0.0,1.0,0,1,0,0,0,1,0,0,1,0,0,0,0,0,0,1,0,0,1.0,1.0,0.0,0.0,0.0,0,0,1,0,0,1,0,0,0,0,0,0,0,0,0,0,0,0,1,0,0,1,1,0,0
186,1.0,0.0,10.0,1.0,7.0,0.0,1.0,1.0,8.0,8.0,8.0,0.0,1.0,1.0,0,1,0,0,0,0,1,0,0,1,0,0,0,0,0,1,0,0,1.0,1.0,0.0,1.0,1.0,0,0,0,0,1,0,0,0,0,1,0,0,0,1,0,0,0,0,0,0,0,1,0,1,0
187,1.0,0.0,-5.0,1.0,7.0,1.0,1.0,1.0,7.0,9.0,3.0,1.0,1.0,1.0,0,1,0,0,0,1,0,0,0,0,1,0,0,0,0,0,0,1,1.0,1.0,1.0,0.0,0.0,0,0,0,0,1,0,0,0,0,0,0,1,0,0,0,0,1,0,0,0,1,0,0,0,1
188,1.0,0.0,-8.0,0.0,7.0,1.0,1.0,1.0,8.0,7.0,2.0,1.0,1.0,1.0,0,1,0,0,0,1,0,0,0,1,0,0,0,0,0,0,1,0,1.0,1.0,1.0,0.0,1.0,1,0,0,0,0,0,1,0,0,0,0,0,1,0,0,0,0,0,0,0,1,0,0,0,1
189,3.0,1.0,0.0,0.0,3.0,1.0,1.0,1.0,2.0,10.0,10.0,0.0,1.0,0.0,0,1,0,0,1,0,0,0,0,1,0,0,0,0,0,1,0,0,1.0,1.0,0.0,0.0,0.0,0,0,0,0,1,0,0,0,0,0,0,0,0,0,0,0,0,0,0,0,0,1,0,0,1
190,1.0,1.0,1.0,1.0,5.0,1.0,0.0,0.0,7.0,10.0,4.0,0.0,0.0,1.0,0,1,0,0,1,0,0,0,0,0,1,0,0,0,0,1,0,0,1.0,0.0,0.0,0.0,1.0,0,0,0,0,1,0,0,1,0,0,0,0,0,0,0,1,0,0,0,0,0,1,0,0,1
191,1.0,0.0,-5.0,1.0,7.0,1.0,1.0,1.0,6.0,10.0,3.0,0.0,1.0,1.0,0,1,0,0,0,1,0,0,0,1,0,0,0,0,0,0,0,1,1.0,1.0,0.0,0.0,0.0,1,0,0,0,0,1,0,0,0,0,0,0,0,0,0,0,0,1,0,0,0,1,1,0,0
192,1.0,0.0,-5.0,1.0,4.0,1.0,0.0,1.0,0.0,10.0,5.0,0.0,0.0,1.0,0,1,0,0,0,1,0,0,0,1,0,0,0,0,0,0,0,1,1.0,1.0,0.0,0.0,0.0,0,0,1,0,0,1,0,0,0,0,0,0,0,0,0,0,0,0,1,0,0,1,0,0,1
193,1.0,0.0,-6.0,0.0,7.0,0.0,1.0,1.0,3.0,7.0,5.0,0.0,1.0,1.0,0,1,0,0,0,1,0,0,0,0,0,0,0,0,1,0,1,0,1.0,0.0,0.0,0.0,0.0,1,0,0,0,0,0,0,1,0,0,0,0,0,0,0,0,1,0,0,0,1,0,0,0,1
194,1.0,0.0,8.0,0.0,7.0,1.0,0.0,1.0,7.0,8.0,5.0,0.0,1.0,1.0,0,1,0,1,0,0,0,0,0,1,0,0,0,0,0,1,0,0,1.0,1.0,1.0,0.0,0.0,0,0,0,0,1,0,1,0,0,0,0,0,0,0,1,0,0,0,0,0,0,1,1,0,0
195,1.0,0.0,-3.5,1.0,4.0,1.0,0.0,1.0,8.0,7.0,8.0,0.0,1.0,1.0,0,0,1,0,0,1,0,0,0,0,1,0,0,0,0,0,1,0,1.0,1.0,1.0,0.0,1.0,0,0,1,0,0,1,0,0,0,0,0,0,0,1,0,0,0,0,0,0,0,1,0,0,1
196,1.0,0.0,2.0,0.0,4.0,1.0,1.0,1.0,8.0,9.0,5.0,0.0,0.0,1.0,0,1,0,0,1,0,0,0,0,1,0,0,0,0,0,1,0,0,1.0,0.0,0.0,0.0,0.0,1,0,0,0,0,0,1,0,0,0,0,0,0,0,0,1,0,0,0,0,0,1,1,0,0
197,1.0,0.0,-8.0,1.0,2.0,1.0,0.0,1.0,7.0,9.0,2.0,0.0,0.0,1.0,0,1,0,0,0,1,0,0,0,0,0,0,1,0,0,1,0,0,1.0,0.0,0.0,0.0,0.0,0,0,0,0,1,1,0,0,0,0,0,0,0,0,0,1,0,0,0,0,0,1,0,0,1
198,1.0,0.0,-6.0,1.0,7.0,1.0,0.0,1.0,8.0,8.0,10.0,1.0,1.0,1.0,0,1,0,0,0,1,0,0,0,0,1,0,0,0,0,0,1,0,1.0,1.0,1.0,1.0,0.0,0,0,0,0,1,0,0,0,1,0,0,0,0,0,1,0,0,0,0,1,0,0,0,0,1
199,2.0,0.0,-6.0,1.0,5.0,1.0,1.0,0.0,10.0,10.0,4.0,0.0,1.0,1.0,0,0,1,0,0,1,0,0,1,0,0,0,0,0,0,0,1,0,1.0,1.0,0.0,0.0,0.0,0,0,1,0,0,1,0,0,0,0,0,0,0,0,0,1,0,0,0,0,0,1,1,0,0
200,1.0,0.0,-8.0,0.0,2.0,0.0,1.0,1.0,8.0,9.0,5.0,0.0,0.0,1.0,0,1,0,0,0,1,0,0,0,1,0,0,0,0,0,1,0,0,1.0,1.0,0.0,0.0,0.0,1,0,0,0,0,0,0,0,0,1,0,0,0,0,0,0,0,0,1,0,0,1,0,1,0
201,0.0,0.0,0.0,1.0,4.0,1.0,0.0,1.0,10.0,5.0,7.0,1.0,1.0,1.0,0,0,1,1,0,0,0,0,0,0,0,1,0,0,0,0,0,1,1.0,1.0,1.0,0.0,0.0,0,0,0,0,1,0,0,0,0,0,0,1,0,0,0,0,1,0,0,0,0,1,0,0,1
202,2.0,0.0,1.0,1.0,6.0,1.0,1.0,1.0,7.0,8.0,6.0,0.0,1.0,1.0,0,1,0,0,1,0,0,0,0,0,0,0,0,0,1,0,1,0,1.0,1.0,0.0,1.0,0.0,1,0,0,0,0,0,0,0,0,0,0,1,1,0,0,0,0,0,0,0,0,1,0,0,1
204,1.0,0.0,-8.0,1.0,2.0,1.0,1.0,1.0,8.0,9.0,5.0,0.0,1.0,1.0,0,1,0,0,0,1,0,0,0,0,1,0,0,0,0,0,0,1,1.0,1.0,0.0,0.0,1.0,1,0,0,0,0,1,0,0,0,0,0,0,0,1,0,0,0,0,0,0,0,1,0,0,1
205,1.0,0.0,-8.0,1.0,1.0,1.0,0.0,1.0,8.0,10.0,8.0,0.0,1.0,1.0,0,1,0,0,0,1,0,0,0,1,0,0,0,0,0,0,1,0,1.0,0.0,0.0,0.0,1.0,0,0,0,0,1,0,0,0,0,0,0,1,0,1,0,0,0,0,0,0,0,1,0,0,1
206,1.0,0.0,-3.0,1.0,6.0,0.0,1.0,1.0,8.0,10.0,0.0,0.0,0.0,0.0,0,1,0,0,0,0,1,0,0,0,1,0,0,0,0,0,1,0,1.0,1.0,0.0,0.0,0.0,1,0,0,0,0,1,0,0,0,0,0,0,0,1,0,0,0,0,0,0,0,1,1,0,0
207,1.0,0.0,0.0,1.0,7.0,1.0,0.0,1.0,6.0,7.0,7.0,0.0,0.0,1.0,0,0,1,0,1,0,0,0,0,0,0,1,0,0,0,0,0,1,1.0,1.0,0.0,0.0,0.0,0,0,0,0,1,1,0,0,0,0,0,0,0,1,0,0,0,0,0,1,0,0,0,0,1
208,1.0,0.0,7.0,1.0,6.0,1.0,1.0,1.0,7.0,9.0,8.0,0.0,0.0,1.0,0,1,0,1,0,0,0,0,0,1,0,0,0,0,0,0,0,1,1.0,1.0,0.0,1.0,0.0,0,0,1,0,0,1,0,0,0,0,0,0,0,1,0,0,0,0,0,0,1,0,0,1,0
209,0.0,1.0,5.5,1.0,6.0,0.0,0.0,0.0,8.0,9.0,5.0,1.0,1.0,1.0,0,0,1,1,0,0,0,0,0,0,0,1,0,0,0,0,0,1,1.0,1.0,0.0,0.0,0.0,0,0,1,0,0,0,0,0,0,0,0,1,0,0,0,1,0,0,0,0,0,1,1,0,0
210,2.0,0.0,1.0,1.0,7.0,0.0,1.0,1.0,5.0,8.0,8.0,1.0,1.0,0.0,0,1,0,0,1,0,0,0,0,0,1,0,0,0,0,0,1,0,1.0,0.0,1.0,0.0,0.0,1,0,0,0,0,0,1,0,0,0,0,0,0,0,0,1,0,0,0,0,0,1,0,1,0
211,1.0,0.0,-5.0,1.0,5.0,1.0,0.0,1.0,6.0,8.0,7.0,0.0,0.0,1.0,0,1,0,0,0,1,0,0,0,0,1,0,0,0,0,0,1,0,1.0,0.0,0.0,0.0,0.0,0,0,0,0,1,1,0,0,0,0,0,0,0,0,0,0,0,1,0,0,0,1,0,0,1
212,1.0,1.0,1.0,1.0,7.0,1.0,1.0,1.0,7.0,8.0,8.0,0.0,0.0,1.0,0,0,1,0,1,0,0,0,0,1,0,0,0,0,0,0,0,1,1.0,1.0,0.0,1.0,1.0,1,0,0,0,0,0,0,1,0,0,0,0,0,0,0,1,0,0,0,0,0,1,0,0,1
213,0.0,1.0,5.5,1.0,6.0,0.0,0.0,0.0,7.0,9.0,5.0,1.0,1.0,1.0,0,0,1,1,0,0,0,0,0,0,0,1,0,0,0,0,0,1,1.0,1.0,0.0,0.0,0.0,0,0,0,0,1,0,0,0,0,0,0,1,0,0,0,1,0,0,0,0,0,1,1,0,0
214,0.0,0.0,-8.0,1.0,7.0,1.0,0.0,1.0,5.0,10.0,8.0,0.0,0.0,1.0,0,1,0,0,0,1,0,0,0,0,0,1,0,0,0,0,0,1,1.0,1.0,0.0,0.0,0.0,0,0,0,0,1,0,1,0,0,0,0,0,1,0,0,0,0,0,0,0,0,1,1,0,0
215,1.0,0.0,11.0,1.0,3.0,0.0,0.0,0.0,2.0,9.0,8.0,0.0,1.0,1.0,0,1,0,0,0,0,1,0,0,1,0,0,0,0,0,0,0,1,1.0,0.0,0.0,0.0,1.0,1,0,0,0,0,0,0,1,0,0,0,0,0,0,0,0,1,0,0,0,0,1,0,1,0
216,0.0,0.0,-5.0,1.0,4.0,1.0,1.0,0.0,4.0,9.0,8.0,0.0,0.0,1.0,0,1,0,0,0,1,0,0,0,0,1,0,0,0,0,0,0,1,1.0,1.0,0.0,0.0,0.0,1,0,0,0,0,0,0,0,0,0,0,1,0,0,0,0,1,0,0,0,0,1,1,0,0
217,3.0,0.0,-8.0,0.0,7.0,1.0,0.0,1.0,6.0,8.0,5.0,0.0,1.0,1.0,0,1,0,0,0,1,0,0,0,0,1,0,0,0,0,0,0,1,1.0,1.0,1.0,0.0,0.0,1,0,0,0,0,0,1,0,0,0,0,0,1,0,0,0,0,0,0,1,0,0,1,0,0
218,1.0,0.0,-6.0,1.0,3.0,1.0,1.0,1.0,5.0,10.0,3.0,1.0,1.0,1.0,0,1,0,1,0,0,0,0,0,1,0,0,0,0,0,0,0,1,1.0,1.0,0.0,1.0,1.0,0,0,0,0,1,0,0,0,0,0,0,1,0,1,0,0,0,0,0,0,0,1,0,1,0
219,1.0,0.0,1.0,0.0,6.0,1.0,1.0,1.0,7.0,7.0,2.0,0.0,1.0,1.0,0,1,0,0,1,0,0,0,0,1,0,0,0,0,0,1,0,0,1.0,1.0,0.0,0.0,0.0,1,0,0,0,0,0,1,0,0,0,0,0,0,0,0,1,0,0,0,0,0,1,1,0,0
221,1.0,0.0,-5.0,0.0,7.0,0.0,1.0,1.0,10.0,10.0,10.0,0.0,1.0,1.0,0,1,0,0,0,1,0,0,0,0,1,0,0,0,0,1,0,0,1.0,0.0,0.0,0.0,0.0,1,0,0,0,0,0,0,0,1,0,0,0,0,0,0,0,1,0,0,0,0,1,0,0,1
222,1.0,0.0,-8.0,1.0,7.0,0.0,0.0,1.0,4.0,8.0,5.0,1.0,1.0,1.0,0,1,0,0,0,1,0,0,0,0,1,0,0,0,0,0,0,1,1.0,1.0,1.0,1.0,1.0,0,0,0,0,1,1,0,0,0,0,0,0,0,1,0,0,0,0,0,0,0,1,1,0,0
223,1.0,0.0,0.0,0.0,7.0,1.0,1.0,1.0,6.0,10.0,7.0,0.0,0.0,1.0,0,1,0,0,1,0,0,0,0,0,0,0,1,0,0,1,0,0,1.0,1.0,0.0,0.0,1.0,0,1,0,0,0,0,0,0,1,0,0,0,0,1,0,0,0,0,0,0,0,1,1,0,0
224,2.0,0.0,1.0,0.0,5.0,1.0,0.0,1.0,6.0,8.0,1.0,0.0,1.0,1.0,0,1,0,0,1,0,0,0,0,0,0,0,1,0,0,1,0,0,1.0,1.0,0.0,1.0,1.0,0,0,0,0,1,0,0,1,0,0,0,0,0,1,0,0,0,0,0,0,0,1,0,0,1
225,1.0,0.0,1.0,1.0,7.0,1.0,0.0,1.0,8.0,7.0,6.0,0.0,1.0,1.0,0,1,0,0,1,0,0,0,0,0,1,0,0,0,0,0,0,1,1.0,1.0,1.0,1.0,1.0,0,0,0,0,1,0,0,0,0,0,0,1,1,0,0,0,0,0,0,1,0,0,0,1,0
226,2.0,0.0,2.0,1.0,6.0,1.0,1.0,1.0,4.0,8.0,6.0,1.0,1.0,1.0,0,0,1,0,1,0,0,0,0,1,0,0,0,0,0,1,0,0,1.0,1.0,0.0,0.0,0.0,0,0,0,0,1,0,0,0,1,0,0,0,0,1,0,0,0,0,0,1,0,0,1,0,0
228,2.0,0.0,0.0,0.0,7.0,1.0,0.0,1.0,3.0,7.0,4.0,0.0,0.0,1.0,0,1,0,0,1,0,0,0,0,1,0,0,0,0,0,1,0,0,1.0,1.0,0.0,0.0,0.0,0,0,0,0,1,1,0,0,0,0,0,0,0,0,0,0,1,0,0,0,0,1,1,0,0
229,1.0,0.0,1.0,1.0,3.0,1.0,0.0,1.0,7.0,6.0,2.0,0.0,1.0,1.0,0,1,0,0,1,0,0,0,0,0,0,0,1,0,0,0,0,1,1.0,1.0,0.0,1.0,0.0,0,0,0,0,1,1,0,0,0,0,0,0,0,1,0,0,0,0,0,0,0,1,1,0,0
230,0.0,0.0,0.0,1.0,4.0,1.0,0.0,1.0,4.0,7.0,5.0,0.0,0.0,1.0,0,1,0,0,1,0,0,0,0,0,0,1,0,0,0,0,0,1,1.0,0.0,0.0,0.0,0.0,0,0,0,0,1,0,0,0,1,0,0,0,0,1,0,0,0,0,0,1,0,0,0,1,0
231,3.0,0.0,-9.0,0.0,7.0,1.0,0.0,1.0,8.0,5.0,3.0,0.0,1.0,0.0,1,0,0,0,0,1,0,0,1,0,0,0,0,0,0,1,0,0,1.0,1.0,1.0,0.0,0.0,0,0,0,0,1,0,1,0,0,0,0,0,0,0,1,0,0,0,0,0,1,0,0,0,1
232,1.0,0.0,-6.0,0.0,5.0,1.0,1.0,1.0,6.0,10.0,4.0,0.0,1.0,1.0,0,1,0,0,0,1,0,0,0,1,0,0,0,0,0,0,1,0,1.0,1.0,0.0,1.0,0.0,1,0,0,0,0,0,0,0,0,0,0,1,0,1,0,0,0,0,0,0,0,1,1,0,0
233,1.0,0.0,-7.0,1.0,4.0,1.0,1.0,1.0,7.0,10.0,5.0,1.0,0.0,1.0,0,1,0,0,0,1,0,0,0,1,0,0,0,0,0,0,1,0,1.0,1.0,0.0,0.0,0.0,1,0,0,0,0,1,0,0,0,0,0,0,0,0,0,0,0,0,1,0,0,1,1,0,0
234,2.0,0.0,1.0,1.0,4.0,1.0,0.0,1.0,9.0,7.0,4.0,0.0,1.0,1.0,0,1,0,0,1,0,0,0,0,0,0,0,1,0,0,0,1,0,1.0,1.0,0.0,0.0,0.0,1,0,0,0,0,0,1,0,0,0,0,0,0,0,1,0,0,0,0,0,0,1,0,0,1
235,1.0,0.0,2.0,0.0,4.0,1.0,0.0,1.0,9.0,9.0,6.0,0.0,1.0,1.0,0,0,1,0,1,0,0,0,0,1,0,0,0,0,0,0,1,0,1.0,1.0,1.0,0.0,1.0,0,0,1,0,0,0,0,0,1,0,0,0,0,0,1,0,0,0,0,0,0,1,1,0,0
236,2.0,0.0,0.0,0.0,1.0,1.0,0.0,1.0,6.0,10.0,8.0,0.0,0.0,1.0,0,1,0,0,1,0,0,0,0,1,0,0,0,0,0,1,0,0,1.0,0.0,0.0,1.0,0.0,0,0,0,0,1,1,0,0,0,0,0,0,0,0,0,1,0,0,0,1,0,0,1,0,0
237,1.0,0.0,4.0,1.0,2.0,1.0,1.0,1.0,7.0,10.0,4.0,1.0,1.0,1.0,0,1,0,1,0,0,0,0,0,0,1,0,0,0,0,0,0,1,1.0,1.0,1.0,1.0,0.0,0,0,0,0,1,0,0,1,0,0,0,0,0,0,0,1,0,0,0,0,1,0,0,0,1
238,2.0,0.0,-5.0,1.0,7.0,1.0,0.0,1.0,6.0,9.0,8.0,0.0,1.0,1.0,0,0,1,0,1,0,0,0,0,0,1,0,0,0,0,0,0,1,1.0,1.0,1.0,1.0,1.0,0,0,0,0,1,1,0,0,0,0,0,0,0,0,0,1,0,0,0,0,0,1,0,0,1
239,1.0,0.0,-7.0,1.0,7.0,1.0,0.0,1.0,8.0,9.0,2.0,0.0,1.0,1.0,0,1,0,0,0,1,0,0,0,0,1,0,0,0,0,1,0,0,1.0,1.0,1.0,0.0,0.0,0,0,1,0,0,1,0,0,0,0,0,0,0,0,1,0,0,0,0,0,1,0,1,0,0
240,1.0,1.0,-6.0,0.0,2.0,1.0,0.0,1.0,6.0,9.0,9.0,0.0,0.0,1.0,0,0,1,0,0,1,0,0,0,1,0,0,0,0,0,1,0,0,1.0,0.0,0.0,0.0,0.0,0,0,0,0,1,0,0,0,0,0,1,0,1,0,0,0,0,0,0,0,0,1,1,0,0
241,1.0,0.0,11.0,1.0,4.0,0.0,0.0,1.0,8.0,10.0,7.0,0.0,0.0,1.0,0,1,0,0,0,0,1,0,0,1,0,0,0,0,0,0,0,1,1.0,1.0,0.0,1.0,0.0,0,0,0,0,1,0,0,0,0,1,0,0,0,0,0,0,0,0,1,0,0,1,0,0,1
242,1.0,0.0,-5.0,1.0,6.0,1.0,0.0,1.0,7.0,8.0,6.0,0.0,0.0,1.0,0,1,0,0,1,0,0,0,0,0,0,0,1,0,0,0,1,0,1.0,0.0,0.0,0.0,0.0,0,0,0,0,1,0,0,0,1,0,0,0,0,0,0,0,0,0,1,0,0,1,1,0,0
243,1.0,0.0,10.5,1.0,3.0,0.0,0.0,1.0,7.0,8.0,6.0,0.0,0.0,1.0,0,1,0,0,0,0,1,0,0,0,1,0,0,0,0,0,0,1,1.0,1.0,0.0,0.0,0.0,0,0,0,0,1,0,0,0,1,0,0,0,0,0,0,1,0,0,0,0,0,1,1,0,0
245,1.0,0.0,5.5,1.0,5.0,1.0,0.0,1.0,8.0,9.0,6.0,0.0,1.0,1.0,0,1,0,1,0,0,0,0,0,1,0,0,0,0,0,0,0,1,1.0,1.0,1.0,0.0,1.0,0,0,0,0,1,0,0,0,0,0,0,1,0,1,0,0,0,0,0,0,0,1,0,0,1
246,1.0,0.0,1.0,0.0,7.0,0.0,0.0,1.0,7.0,10.0,5.0,0.0,1.0,1.0,0,1,0,0,1,0,0,0,0,1,0,0,0,0,0,1,0,0,1.0,1.0,1.0,0.0,0.0,0,0,0,0,1,0,1,0,0,0,0,0,1,0,0,0,0,0,0,0,0,1,1,0,0
247,2.0,1.0,0.0,0.0,6.0,1.0,1.0,1.0,6.0,9.0,9.0,0.0,1.0,1.0,0,0,1,0,1,0,0,0,0,0,0,0,1,0,0,0,0,1,1.0,1.0,1.0,0.0,1.0,0,0,0,0,1,0,1,0,0,0,0,0,1,0,0,0,0,0,0,0,0,1,0,0,1
248,1.0,0.0,-5.0,1.0,4.0,1.0,0.0,0.0,10.0,9.0,5.0,0.0,1.0,1.0,0,1,0,0,0,1,0,0,0,0,1,0,0,0,0,0,0,1,1.0,1.0,1.0,0.0,0.0,0,0,1,0,0,1,0,0,0,0,0,0,0,0,0,1,0,0,0,0,0,1,0,0,1
250,1.0,1.0,1.0,1.0,7.0,1.0,0.0,0.0,9.0,10.0,9.0,1.0,1.0,1.0,1,0,0,0,1,0,0,0,0,1,0,0,0,0,0,0,1,0,1.0,1.0,0.0,1.0,1.0,0,0,1,0,0,0,0,0,0,0,0,1,1,0,0,0,0,0,0,0,0,1,0,0,1
251,2.0,0.0,-8.0,0.0,3.0,0.0,0.0,1.0,10.0,2.0,7.0,1.0,1.0,0.0,0,1,0,0,0,1,0,0,0,1,0,0,0,0,0,1,0,0,1.0,0.0,0.0,0.0,0.0,0,0,0,0,1,0,1,0,0,0,0,0,0,0,1,0,0,0,0,0,1,0,1,0,0
252,1.0,1.0,-6.0,1.0,7.0,1.0,1.0,1.0,7.0,8.0,6.0,0.0,1.0,1.0,0,1,0,0,0,1,0,0,1,0,0,0,0,0,0,0,0,1,1.0,1.0,0.0,1.0,1.0,1,0,0,0,0,0,1,0,0,0,0,0,0,0,0,1,0,0,0,0,0,1,0,0,1
253,1.0,0.0,1.0,1.0,2.0,1.0,0.0,1.0,9.0,8.0,4.0,0.0,0.0,1.0,0,1,0,0,1,0,0,0,0,1,0,0,0,0,0,0,0,0,1.0,0.0,0.0,0.0,0.0,0,0,0,0,1,1,0,0,0,0,0,0,0,0,0,0,0,1,0,0,0,1,0,1,0
254,1.0,0.0,1.0,1.0,3.0,1.0,0.0,1.0,6.0,9.0,7.0,0.0,0.0,1.0,0,1,0,0,1,0,0,0,0,1,0,0,0,0,0,0,0,1,1.0,1.0,0.0,0.0,0.0,0,0,0,0,1,1,0,0,0,0,0,0,0,0,0,1,0,0,0,0,0,1,0,1,0
255,1.0,0.0,-10.0,0.0,7.0,1.0,1.0,1.0,5.0,9.0,3.0,1.0,1.0,1.0,0,1,0,0,0,1,0,0,0,1,0,0,0,0,0,0,0,1,1.0,1.0,1.0,0.0,0.0,1,0,0,0,0,0,1,0,0,0,0,0,0,0,0,0,1,0,0,0,0,1,1,0,0
256,1.0,0.0,-8.0,0.0,7.0,1.0,1.0,1.0,7.0,10.0,4.0,0.0,1.0,1.0,0,1,0,0,0,1,0,0,0,0,1,0,0,0,0,0,0,1,1.0,1.0,0.0,0.0,0.0,0,0,0,0,1,1,0,0,0,0,0,0,0,0,0,1,0,0,0,0,0,1,1,0,0
257,1.0,0.0,1.0,1.0,7.0,1.0,0.0,1.0,8.0,9.0,8.0,0.0,0.0,1.0,0,1,0,0,1,0,0,0,0,0,1,0,0,0,0,0,0,1,1.0,1.0,0.0,0.0,1.0,0,0,0,0,1,0,0,0,1,0,0,0,0,0,0,0,0,1,0,0,0,1,0,0,1
258,1.0,0.0,1.0,1.0,7.0,0.0,1.0,1.0,3.0,9.0,2.0,1.0,0.0,1.0,1,0,0,0,1,0,0,0,0,0,1,0,0,0,0,0,0,1,1.0,1.0,0.0,0.0,1.0,0,0,0,0,1,0,0,0,1,0,0,0,1,0,0,0,0,0,0,0,0,1,1,0,0
260,1.0,0.0,1.0,0.0,3.0,0.0,0.0,1.0,4.0,8.0,2.0,0.0,1.0,1.0,0,1,0,0,1,0,0,0,0,0,0,1,0,0,0,0,0,1,1.0,0.0,0.0,0.0,1.0,0,0,0,0,1,1,0,0,0,0,0,0,0,0,1,0,0,0,0,1,0,0,1,0,0
261,2.0,0.0,-5.0,0.0,4.0,1.0,1.0,1.0,8.0,10.0,4.0,1.0,1.0,1.0,0,1,0,0,0,1,0,0,1,0,0,0,0,0,0,1,0,0,1.0,1.0,1.0,1.0,1.0,1,0,0,0,0,0,0,1,0,0,0,0,0,0,0,0,0,1,0,0,0,1,1,0,0
262,2.0,0.0,2.0,0.0,7.0,0.0,0.0,1.0,3.0,8.0,6.0,0.0,1.0,1.0,0,0,1,0,1,0,0,0,0,0,0,0,1,0,0,1,0,0,1.0,1.0,1.0,0.0,0.0,0,0,0,0,1,0,0,0,0,0,0,1,1,0,0,0,0,0,0,0,0,1,0,0,1
263,1.0,0.0,-5.0,1.0,6.0,1.0,1.0,1.0,7.0,8.0,6.0,1.0,1.0,1.0,0,1,0,0,0,1,0,0,0,0,1,0,0,0,0,0,0,1,1.0,1.0,0.0,1.0,0.0,1,0,0,0,0,0,0,1,0,0,0,0,1,0,0,0,0,0,0,0,0,1,1,0,0
264,1.0,1.0,-5.0,0.0,4.0,1.0,1.0,1.0,9.0,10.0,8.0,0.0,0.0,1.0,0,1,0,0,0,1,0,0,1,0,0,0,0,0,0,0,1,0,1.0,1.0,0.0,0.0,0.0,1,0,0,0,0,0,0,0,0,0,0,1,1,0,0,0,0,0,0,1,0,0,0,0,1
265,1.0,0.0,-6.0,0.0,3.0,0.0,1.0,1.0,7.0,9.0,4.0,1.0,1.0,1.0,0,1,0,0,0,1,0,0,0,0,1,0,0,0,0,0,0,1,1.0,0.0,0.0,0.0,0.0,1,0,0,0,0,1,0,0,0,0,0,0,0,1,0,0,0,0,0,0,0,1,0,0,1
266,0.0,0.0,10.0,1.0,7.0,1.0,0.0,1.0,5.0,10.0,7.0,0.0,1.0,1.0,0,1,0,0,0,0,1,0,0,0,0,1,0,0,0,0,0,1,1.0,1.0,0.0,1.0,0.0,1,0,0,0,0,0,0,0,1,0,0,0,0,0,1,0,0,0,0,0,0,1,1,0,0
267,1.0,0.0,0.0,1.0,6.0,1.0,0.0,1.0,5.0,6.0,9.0,1.0,1.0,0.0,0,1,0,0,1,0,0,0,0,0,1,0,0,0,0,0,1,0,1.0,1.0,0.0,0.0,0.0,1,0,0,0,0,0,0,0,1,0,0,0,0,0,0,0,0,0,1,0,1,0,1,0,0
268,1.0,0.0,-5.0,0.0,2.0,1.0,0.0,1.0,8.0,10.0,5.0,0.0,1.0,1.0,0,1,0,0,0,1,0,0,0,0,1,0,0,0,0,0,0,1,1.0,1.0,0.0,0.0,0.0,0,0,0,0,1,1,0,0,0,0,0,0,0,0,0,0,1,0,0,0,0,1,0,0,1
270,1.0,0.0,2.0,1.0,3.0,1.0,0.0,1.0,6.0,8.0,0.0,1.0,1.0,1.0,0,1,0,0,1,0,0,0,0,0,1,0,0,0,0,0,0,1,1.0,1.0,1.0,0.0,0.0,0,0,0,0,1,1,0,0,0,0,0,0,0,1,0,0,0,0,0,0,1,0,0,1,0
271,2.0,0.0,1.0,1.0,3.0,0.0,0.0,1.0,7.0,10.0,3.0,0.0,0.0,1.0,0,1,0,0,1,0,0,0,0,0,1,0,0,0,0,0,0,1,1.0,1.0,0.0,0.0,1.0,0,0,0,0,1,0,0,0,0,0,0,1,1,0,0,0,0,0,0,0,1,0,1,0,0
272,1.0,0.0,1.0,1.0,5.0,1.0,0.0,1.0,3.0,8.0,8.0,1.0,1.0,1.0,0,1,0,0,1,0,0,0,0,0,1,0,0,0,0,0,0,1,1.0,1.0,1.0,1.0,1.0,0,0,0,0,1,0,0,0,0,0,0,1,0,1,0,0,0,0,0,1,0,0,1,0,0
273,1.0,0.0,-6.0,1.0,7.0,0.0,0.0,1.0,7.0,5.0,8.0,0.0,0.0,0.0,0,1,0,1,0,0,0,0,0,0,1,0,0,0,0,0,0,1,1.0,1.0,0.0,1.0,0.0,1,0,0,0,0,0,1,0,0,0,0,0,0,0,1,0,0,0,0,0,1,0,0,0,1
274,1.0,1.0,0.0,1.0,4.0,1.0,0.0,1.0,6.0,7.0,8.0,0.0,0.0,1.0,0,1,0,0,1,0,0,0,0,0,0,1,0,0,0,0,0,1,1.0,1.0,0.0,0.0,0.0,0,0,0,0,1,0,1,0,0,0,0,0,0,0,0,1,0,0,0,0,0,1,0,0,1
275,1.0,0.0,4.0,0.0,7.0,1.0,0.0,1.0,7.0,9.0,6.0,0.0,1.0,1.0,0,1,0,1,0,0,0,0,0,0,1,0,0,0,0,1,0,0,1.0,1.0,1.0,0.0,0.0,0,0,0,0,1,0,0,0,0,0,0,1,0,0,0,1,0,0,0,1,0,0,0,0,1
276,1.0,0.0,-5.0,1.0,2.0,1.0,0.0,1.0,6.0,9.0,5.0,0.0,1.0,1.0,0,1,0,0,0,1,0,0,0,0,1,0,0,0,0,0,1,0,1.0,1.0,1.0,0.0,0.0,0,0,0,0,1,1,0,0,0,0,0,0,0,0,0,0,1,0,0,1,0,0,1,0,0
277,2.0,1.0,-5.0,0.0,7.0,1.0,0.0,1.0,6.0,9.0,7.0,0.0,0.0,1.0,0,0,1,0,0,1,0,0,0,1,0,0,0,0,0,1,0,0,1.0,1.0,1.0,1.0,1.0,0,0,0,0,1,0,0,0,1,0,0,0,0,0,1,0,0,0,0,0,0,1,0,0,1
278,1.0,0.0,-8.0,1.0,5.0,1.0,0.0,1.0,8.0,8.0,7.0,1.0,1.0,1.0,0,1,0,0,0,1,0,0,0,0,1,0,0,0,0,0,0,1,1.0,1.0,1.0,0.0,1.0,0,0,0,0,1,0,1,0,0,0,0,0,0,0,1,0,0,0,0,1,0,0,1,0,0
279,2.0,0.0,1.0,0.0,6.0,0.0,0.0,1.0,4.0,8.0,2.0,0.0,1.0,1.0,0,1,0,0,1,0,0,0,0,1,0,0,0,0,0,0,1,0,1.0,0.0,1.0,0.0,0.0,0,0,0,0,1,0,0,0,0,0,0,1,1,0,0,0,0,0,0,0,1,0,0,1,0
280,1.0,0.0,-5.0,0.0,7.0,1.0,1.0,1.0,9.0,9.0,6.0,0.0,1.0,1.0,0,1,0,0,0,1,0,0,0,0,1,0,0,0,0,0,0,1,1.0,1.0,1.0,0.0,0.0,0,0,0,0,1,0,0,0,1,0,0,0,0,1,0,0,0,0,0,0,0,1,1,0,0
282,0.0,1.0,1.0,1.0,7.0,1.0,0.0,1.0,7.0,7.0,8.0,0.0,0.0,1.0,0,1,0,0,1,0,0,0,0,0,0,1,0,0,0,0,0,1,1.0,1.0,0.0,0.0,0.0,1,0,0,0,0,0,0,1,0,0,0,0,0,0,0,1,0,0,0,1,0,0,0,0,1
283,2.0,0.0,-8.0,0.0,3.0,0.0,0.0,1.0,8.0,10.0,0.0,0.0,1.0,1.0,0,1,0,0,0,1,0,0,0,1,0,0,0,0,0,0,0,1,1.0,1.0,0.0,0.0,0.0,0,0,0,0,1,0,0,1,0,0,0,0,1,0,0,0,0,0,0,0,1,0,1,0,0
284,0.0,0.0,0.0,1.0,5.0,1.0,0.0,0.0,10.0,9.0,7.0,0.0,0.0,0.0,0,1,0,0,1,0,0,0,0,0,0,1,0,0,0,0,0,1,1.0,0.0,0.0,0.0,0.0,0,0,0,0,1,1,0,0,0,0,0,0,0,0,0,0,1,0,0,0,0,1,0,0,1
285,0.0,0.0,5.5,1.0,7.0,1.0,0.0,1.0,6.0,9.0,5.0,0.0,1.0,1.0,0,1,0,1,0,0,0,0,0,0,0,1,0,0,0,0,0,1,1.0,1.0,0.0,0.0,0.0,0,0,0,0,1,0,0,0,0,0,0,1,0,0,0,1,0,0,0,1,0,0,0,1,0
286,0.0,0.0,5.5,1.0,6.0,1.0,0.0,1.0,2.0,10.0,7.0,1.0,1.0,1.0,0,1,0,1,0,0,0,0,0,0,0,1,0,0,0,0,0,1,1.0,1.0,1.0,0.0,0.0,0,0,0,0,1,0,0,0,0,0,0,1,0,0,0,0,1,0,0,1,0,0,1,0,0
287,1.0,0.0,-7.0,1.0,7.0,1.0,0.0,1.0,8.0,8.0,6.0,1.0,1.0,1.0,0,1,0,0,0,1,0,0,0,1,0,0,0,0,0,0,1,0,1.0,1.0,1.0,0.0,0.0,0,0,0,0,1,0,0,0,1,0,0,0,0,1,0,0,0,0,0,0,0,1,0,0,1
288,2.0,0.0,-6.0,0.0,5.0,0.0,1.0,1.0,9.0,8.0,8.0,1.0,1.0,1.0,0,1,0,0,0,1,0,0,0,1,0,0,0,0,0,1,0,0,1.0,0.0,0.0,0.0,0.0,1,0,0,0,0,1,0,0,0,0,0,0,0,1,0,0,0,0,0,0,0,1,0,0,1
289,1.0,0.0,-5.0,0.0,2.0,1.0,1.0,1.0,7.0,9.0,5.0,1.0,1.0,1.0,0,1,0,0,0,1,0,0,0,0,1,0,0,0,0,0,0,1,1.0,1.0,1.0,1.0,1.0,1,0,0,0,0,0,1,0,0,0,0,0,0,0,0,0,0,1,0,0,0,1,1,0,0
290,4.0,0.0,3.0,0.0,7.0,1.0,0.0,1.0,6.0,9.0,4.0,0.0,1.0,1.0,0,1,0,0,1,0,0,0,0,0,1,0,0,0,0,0,0,1,1.0,1.0,1.0,0.0,0.0,0,0,0,0,1,0,1,0,0,0,0,0,0,0,0,1,0,0,0,0,0,1,1,0,0
291,2.0,0.0,-5.0,0.0,3.0,0.0,1.0,0.0,3.0,9.0,5.0,0.0,0.0,1.0,0,1,0,0,0,1,0,0,0,1,0,0,0,0,0,1,0,0,1.0,0.0,0.0,0.0,0.0,1,0,0,0,0,1,0,0,0,0,0,0,0,0,0,1,0,0,0,0,0,1,0,1,0
292,1.0,0.0,1.0,0.0,5.0,0.0,0.0,1.0,7.0,8.0,8.0,0.0,0.0,1.0,0,0,1,0,1,0,0,0,0,0,0,1,0,0,0,0,0,1,1.0,1.0,0.0,0.0,0.0,1,0,0,0,0,1,0,0,0,0,0,0,0,1,0,0,0,0,0,0,0,1,0,0,1
293,1.0,0.0,-5.0,1.0,3.0,1.0,1.0,1.0,5.0,10.0,1.0,1.0,1.0,1.0,0,1,0,0,0,1,0,0,1,0,0,0,0,0,0,0,0,1,1.0,1.0,1.0,0.0,0.0,1,0,0,0,0,0,0,0,0,0,0,1,0,0,0,0,0,1,0,0,0,1,1,0,0
294,1.0,0.0,1.0,1.0,7.0,1.0,0.0,1.0,6.0,8.0,3.0,1.0,1.0,1.0,0,1,0,0,1,0,0,0,0,0,1,0,0,0,0,0,1,0,1.0,1.0,1.0,0.0,0.0,0,0,0,0,1,0,0,0,0,0,0,1,0,0,0,0,0,1,0,1,0,0,0,0,1
295,1.0,0.0,0.0,1.0,7.0,0.0,0.0,1.0,7.0,10.0,4.0,0.0,0.0,0.0,0,1,0,0,1,0,0,0,0,1,0,0,0,0,0,0,0,1,1.0,0.0,0.0,0.0,0.0,0,0,0,0,1,1,0,0,0,0,0,0,0,0,0,1,0,0,0,0,0,1,0,1,0
296,1.0,0.0,-4.0,1.0,6.0,0.0,0.0,1.0,7.0,8.0,3.0,1.0,1.0,1.0,0,1,0,1,0,0,0,0,0,0,1,0,0,0,0,0,0,1,1.0,1.0,1.0,1.0,1.0,0,0,0,0,1,1,0,0,0,0,0,0,0,0,0,0,0,1,0,0,0,1,0,1,0
297,0.0,1.0,0.0,1.0,6.0,1.0,1.0,1.0,8.0,8.0,6.0,0.0,0.0,1.0,0,1,0,0,1,0,0,0,0,0,1,0,0,0,0,0,0,0,1.0,1.0,0.0,0.0,0.0,0,0,0,0,1,0,0,0,0,0,0,0,0,0,0,0,0,1,0,0,0,1,0,0,1
298,2.0,0.0,1.0,1.0,4.0,0.0,1.0,1.0,7.0,8.0,6.0,1.0,1.0,1.0,0,1,0,0,1,0,0,0,0,1,0,0,0,0,0,0,0,1,1.0,1.0,1.0,0.0,1.0,1,0,0,0,0,0,1,0,0,0,0,0,0,0,0,1,0,0,0,1,0,0,1,0,0
299,1.0,0.0,5.5,1.0,7.0,1.0,0.0,1.0,5.0,7.0,3.0,1.0,1.0,1.0,0,1,0,1,0,0,0,0,0,1,0,0,0,0,0,0,0,1,1.0,1.0,1.0,1.0,1.0,0,0,1,0,0,0,0,0,0,0,0,1,0,1,0,0,0,0,0,0,1,0,1,0,0
300,2.0,1.0,-3.0,0.0,7.0,1.0,0.0,1.0,8.0,10.0,6.0,1.0,1.0,1.0,0,1,0,0,0,0,0,1,0,0,0,0,0,0,1,1,0,0,1.0,1.0,1.0,1.0,0.0,0,0,0,0,1,0,1,0,0,0,0,0,0,0,0,1,0,0,0,0,0,1,1,0,0
302,0.0,0.0,10.5,1.0,6.0,1.0,0.0,1.0,8.0,10.0,2.0,1.0,0.0,1.0,0,1,0,0,0,0,1,0,0,0,0,1,0,0,0,0,0,1,1.0,1.0,0.0,0.0,0.0,0,0,0,0,1,0,0,1,0,0,0,0,0,0,0,1,0,0,0,0,0,1,0,0,1
303,1.0,0.0,1.0,1.0,2.0,1.0,0.0,1.0,6.0,10.0,3.0,0.0,1.0,1.0,0,1,0,0,1,0,0,0,0,0,1,0,0,0,0,0,0,1,1.0,1.0,0.0,0.0,0.0,0,0,0,0,1,1,0,0,0,0,0,0,0,0,1,0,0,0,0,0,0,1,1,0,0
304,0.0,0.0,5.5,1.0,6.0,1.0,0.0,1.0,8.0,8.0,6.0,1.0,1.0,1.0,0,1,0,1,0,0,0,0,0,0,0,1,0,0,0,0,0,1,1.0,1.0,1.0,0.0,1.0,0,0,0,0,1,0,0,0,0,0,1,0,0,0,0,1,0,0,0,0,0,1,0,0,1
305,1.0,1.0,2.0,1.0,5.0,1.0,1.0,1.0,8.0,9.0,6.0,0.0,0.0,1.0,0,1,0,0,1,0,0,0,0,1,0,0,0,0,0,0,0,1,1.0,1.0,0.0,0.0,0.0,1,0,0,0,0,0,1,0,0,0,0,0,0,0,1,0,0,0,0,0,0,1,1,0,0
306,2.0,0.0,-8.0,0.0,7.0,1.0,1.0,1.0,6.0,9.0,6.0,0.0,0.0,1.0,0,1,0,0,0,1,0,0,0,1,0,0,0,0,0,1,0,0,1.0,1.0,0.0,0.0,0.0,0,0,0,0,1,0,0,0,0,0,1,0,0,1,0,0,0,0,0,0,0,1,1,0,0
307,2.0,0.0,-5.0,0.0,4.0,1.0,1.0,1.0,7.0,10.0,5.0,1.0,1.0,1.0,0,1,0,0,0,1,0,0,0,1,0,0,0,0,0,0,1,0,1.0,1.0,1.0,1.0,1.0,1,0,0,0,0,0,0,0,0,0,0,1,0,0,0,1,0,0,0,0,1,0,0,1,0
308,1.0,0.0,1.0,0.0,2.0,1.0,1.0,1.0,8.0,6.0,4.0,1.0,1.0,1.0,0,1,0,0,1,0,0,0,0,0,1,0,0,0,0,0,0,1,1.0,1.0,1.0,0.0,0.0,0,0,0,0,1,0,1,0,0,0,0,0,0,0,0,1,0,0,0,1,0,0,1,0,0
309,4.0,0.0,-6.0,0.0,4.0,0.0,1.0,0.0,5.0,7.0,8.0,0.0,0.0,1.0,0,1,0,0,0,1,0,0,0,1,0,0,0,0,0,1,0,0,1.0,1.0,0.0,1.0,0.0,0,0,0,0,1,0,0,0,1,0,0,0,0,1,0,0,0,0,0,0,0,1,0,0,1
310,0.0,0.0,-5.0,1.0,4.0,0.0,0.0,1.0,8.0,6.0,4.0,1.0,1.0,0.0,0,1,0,0,0,1,0,0,0,0,0,0,0,0,0,0,0,1,1.0,1.0,0.0,0.0,0.0,0,0,0,0,1,0,1,0,0,0,0,0,0,0,0,1,0,0,0,1,0,0,1,0,0
311,0.0,0.0,0.0,1.0,7.0,0.0,1.0,1.0,8.0,9.0,7.0,1.0,1.0,1.0,0,1,0,0,1,0,0,0,0,0,0,1,0,0,0,0,0,1,1.0,1.0,1.0,1.0,0.0,1,0,0,0,0,0,0,0,0,0,0,1,0,0,1,0,0,0,0,0,0,1,1,0,0
313,0.0,0.0,7.0,0.0,4.0,1.0,0.0,1.0,8.0,8.0,7.0,1.0,1.0,1.0,0,1,0,1,0,0,0,0,0,0,0,1,0,0,0,0,0,1,1.0,1.0,0.0,1.0,0.0,0,0,0,0,1,0,0,1,0,0,0,0,0,1,0,0,0,0,0,1,0,0,1,0,0
314,0.0,0.0,-5.0,1.0,5.0,0.0,0.0,0.0,6.0,10.0,3.0,0.0,1.0,1.0,0,1,0,0,0,1,0,0,0,0,0,1,0,0,0,0,0,1,1.0,0.0,0.0,0.0,0.0,0,0,1,0,0,1,0,0,0,0,0,0,0,0,0,0,0,0,1,0,0,1,0,0,1
315,1.0,0.0,1.0,1.0,4.0,1.0,1.0,1.0,8.0,10.0,1.0,0.0,0.0,1.0,0,1,0,0,1,0,0,0,0,0,1,0,0,0,0,1,0,0,1.0,1.0,0.0,1.0,1.0,1,0,0,0,0,0,0,0,0,1,0,0,0,0,0,0,0,1,0,0,0,1,1,0,0
316,1.0,0.0,3.0,1.0,7.0,0.0,0.0,1.0,7.0,5.0,6.0,1.0,0.0,1.0,0,1,0,0,0,0,0,1,0,0,1,0,0,0,0,0,0,1,1.0,1.0,0.0,0.0,0.0,0,0,0,0,1,0,1,0,0,0,0,0,0,0,0,0,0,0,0,0,1,0,0,1,0
317,3.0,0.0,-8.0,0.0,7.0,1.0,1.0,1.0,8.0,9.0,8.0,0.0,1.0,1.0,0,1,0,0,0,1,0,0,0,1,0,0,0,0,0,1,0,0,1.0,1.0,1.0,1.0,1.0,1,0,0,0,0,0,0,0,0,0,1,0,1,0,0,0,0,0,0,0,0,1,0,0,1
318,1.0,0.0,5.0,1.0,7.0,1.0,1.0,0.0,8.0,10.0,5.0,0.0,0.0,1.0,0,1,0,1,0,0,0,0,0,1,0,0,0,0,0,0,1,0,1.0,1.0,0.0,1.0,1.0,1,0,0,0,0,0,0,0,0,0,0,1,0,0,0,0,1,0,0,0,0,1,1,0,0
319,3.0,0.0,-5.0,0.0,5.0,0.0,1.0,0.0,6.0,9.0,4.0,0.0,0.0,1.0,0,1,0,0,0,1,0,0,0,1,0,0,0,0,0,1,0,0,1.0,0.0,0.0,0.0,0.0,1,0,0,0,0,0,0,1,0,0,0,0,0,0,0,0,1,0,0,0,1,0,1,0,0
320,1.0,0.0,-6.0,1.0,4.0,1.0,1.0,1.0,6.0,9.0,9.0,0.0,0.0,1.0,0,1,0,0,0,1,0,0,0,0,1,0,0,0,0,0,0,0,1.0,1.0,0.0,0.0,0.0,1,0,0,0,0,1,0,0,0,0,0,0,0,0,0,0,0,0,1,0,0,1,0,0,1
321,0.0,0.0,-5.0,1.0,6.0,0.0,0.0,1.0,6.0,8.0,3.0,1.0,0.0,1.0,0,1,0,0,0,1,0,0,0,0,1,0,0,0,0,0,0,1,1.0,1.0,0.0,0.0,0.0,0,0,0,0,1,1,0,0,0,0,0,0,0,0,0,0,1,0,0,0,0,1,0,0,1
322,1.0,0.0,1.0,1.0,3.0,0.0,0.0,1.0,6.0,10.0,5.0,0.0,0.0,1.0,0,1,0,0,1,0,0,0,0,0,1,0,0,0,0,0,0,1,1.0,0.0,0.0,0.0,0.0,0,0,0,0,1,0,0,0,0,0,0,1,0,0,0,0,1,0,0,0,0,1,0,0,1
323,1.0,1.0,-6.0,0.0,2.0,1.0,1.0,0.0,4.0,10.0,4.0,1.0,1.0,1.0,0,0,1,0,0,1,0,0,0,1,0,0,0,0,0,0,1,0,1.0,0.0,0.0,0.0,0.0,0,0,1,0,0,0,0,0,1,0,0,0,1,0,0,0,0,0,0,0,0,1,0,0,1
324,1.0,0.0,-10.0,0.0,5.0,1.0,1.0,1.0,5.0,9.0,9.0,0.0,0.0,1.0,0,1,0,0,0,1,0,0,0,0,1,0,0,0,0,1,0,0,1.0,0.0,0.0,0.0,0.0,1,0,0,0,0,1,0,0,0,0,0,0,0,1,0,0,0,0,0,1,0,0,0,0,1
325,1.0,0.0,2.0,1.0,7.0,1.0,1.0,1.0,8.0,8.0,7.0,0.0,0.0,1.0,0,1,0,0,1,0,0,0,0,0,1,0,0,0,0,0,0,1,1.0,1.0,1.0,0.0,0.0,1,0,0,0,0,0,0,0,1,0,0,0,0,1,0,0,0,0,0,0,0,1,0,0,1
326,1.0,0.0,-8.0,0.0,7.0,1.0,0.0,1.0,8.0,10.0,7.0,0.0,1.0,1.0,0,0,1,0,0,1,0,0,0,1,0,0,0,0,0,0,0,1,1.0,1.0,1.0,1.0,0.0,1,0,0,0,0,0,0,1,0,0,0,0,1,0,0,0,0,0,0,0,0,1,1,0,0
327,0.0,0.0,-7.0,1.0,4.0,0.0,0.0,1.0,7.0,9.0,5.0,0.0,0.0,1.0,0,1,0,0,0,1,0,0,0,0,0,1,0,0,0,0,0,1,1.0,1.0,1.0,0.0,0.0,0,0,0,0,1,0,0,0,1,0,0,0,0,1,0,0,0,0,0,0,0,1,0,0,1
328,1.0,1.0,-5.0,1.0,7.0,1.0,1.0,1.0,8.0,7.0,4.0,1.0,1.0,1.0,0,0,1,0,0,1,0,0,0,1,0,0,0,0,0,0,1,0,1.0,1.0,0.0,0.0,0.0,1,0,0,0,0,0,0,0,0,0,0,1,0,1,0,0,0,0,0,0,0,1,1,0,0
329,0.0,0.0,8.0,1.0,5.0,0.0,0.0,1.0,7.0,9.0,5.0,1.0,0.0,1.0,0,1,0,1,0,0,0,0,0,0,0,1,0,0,0,0,0,1,1.0,1.0,1.0,0.0,0.0,0,0,0,0,1,1,0,0,0,0,0,0,0,0,0,1,0,0,0,0,1,0,1,0,0
330,0.0,0.0,-5.0,1.0,7.0,0.0,0.0,1.0,7.0,7.0,9.0,0.0,1.0,1.0,0,1,0,0,0,1,0,0,0,0,0,1,0,0,0,0,0,1,1.0,1.0,1.0,0.0,0.0,0,0,0,0,1,0,1,0,0,0,0,0,1,0,0,0,0,0,0,0,1,0,1,0,0
331,0.0,1.0,-5.0,1.0,7.0,1.0,1.0,1.0,9.0,8.0,6.0,1.0,1.0,1.0,0,1,0,0,0,1,0,0,0,0,1,0,0,0,0,0,1,0,1.0,1.0,1.0,1.0,0.0,1,0,0,0,0,0,0,0,1,0,0,0,0,1,0,0,0,0,0,0,0,1,1,0,0
332,1.0,0.0,1.0,1.0,2.0,1.0,1.0,1.0,9.0,9.0,1.0,0.0,1.0,1.0,0,1,0,0,1,0,0,0,0,1,0,0,0,0,0,0,0,1,1.0,1.0,1.0,1.0,1.0,0,0,0,0,1,0,0,0,0,0,0,1,0,0,0,0,1,0,0,0,0,1,0,0,1
333,1.0,0.0,-5.0,0.0,7.0,1.0,1.0,1.0,8.0,8.0,7.0,0.0,1.0,1.0,0,1,0,0,0,1,0,0,0,0,0,1,0,0,0,0,0,1,1.0,1.0,1.0,0.0,0.0,1,0,0,0,0,0,0,1,0,0,0,0,1,0,0,0,0,0,0,1,0,0,0,1,0
334,1.0,0.0,0.0,0.0,5.0,1.0,1.0,1.0,5.0,10.0,0.0,1.0,1.0,1.0,0,1,0,0,1,0,0,0,0,0,1,0,0,0,0,1,0,0,1.0,1.0,1.0,1.0,1.0,1,0,0,0,0,0,0,0,0,0,0,1,0,0,0,1,0,0,0,0,0,1,0,0,1
335,0.0,1.0,0.0,1.0,7.0,0.0,0.0,1.0,7.0,9.0,3.0,0.0,0.0,0.0,0,0,1,0,1,0,0,0,0,0,0,1,0,0,0,0,0,1,1.0,1.0,0.0,0.0,0.0,0,0,0,0,1,0,1,0,0,0,0,0,1,0,0,0,0,0,0,0,0,1,1,0,0
336,2.0,0.0,0.0,0.0,5.0,0.0,1.0,1.0,8.0,7.0,3.0,1.0,1.0,1.0,0,1,0,0,1,0,0,0,0,0,1,0,0,0,0,1,0,0,1.0,1.0,1.0,0.0,0.0,1,0,0,0,0,1,0,0,0,0,0,0,0,0,1,0,0,0,0,0,0,1,1,0,0
337,1.0,0.0,-5.0,1.0,5.0,1.0,0.0,1.0,8.0,10.0,7.0,1.0,1.0,1.0,0,1,0,0,0,1,0,0,0,0,1,0,0,0,0,0,0,1,1.0,1.0,1.0,1.0,0.0,0,0,0,0,1,0,0,0,0,1,0,0,0,0,0,1,0,0,0,0,0,1,1,0,0
338,1.0,0.0,-6.0,1.0,4.0,0.0,0.0,0.0,4.0,10.0,6.0,0.0,1.0,1.0,0,1,0,0,0,1,0,0,0,0,1,0,0,0,0,0,0,1,1.0,1.0,0.0,0.0,0.0,0,0,0,0,1,1,0,0,0,0,0,0,0,0,0,0,0,0,1,0,0,1,1,0,0
339,1.0,0.0,1.0,1.0,6.0,1.0,1.0,1.0,8.0,8.0,6.0,0.0,1.0,1.0,0,1,0,0,1,0,0,0,0,1,0,0,0,0,0,0,0,1,1.0,1.0,0.0,1.0,0.0,1,0,0,0,0,0,0,0,0,0,0,1,0,0,1,0,0,0,0,0,0,1,1,0,0
340,1.0,0.0,-5.0,0.0,5.0,1.0,1.0,1.0,2.0,9.0,4.0,0.0,1.0,1.0,0,1,0,0,0,1,0,0,0,1,0,0,0,0,0,0,0,1,1.0,1.0,0.0,0.0,1.0,0,0,0,0,1,0,0,0,0,0,0,1,0,0,1,0,0,0,0,0,0,1,1,0,0
343,1.0,0.0,-7.0,0.0,7.0,1.0,1.0,1.0,8.0,10.0,6.0,0.0,1.0,1.0,0,1,0,0,0,1,0,0,0,1,0,0,0,0,0,1,0,0,1.0,1.0,0.0,0.0,0.0,1,0,0,0,0,1,0,0,0,0,0,0,0,0,1,0,0,0,0,0,0,1,0,1,0
344,2.0,0.0,-5.0,0.0,6.0,0.0,1.0,0.0,6.0,10.0,10.0,0.0,1.0,1.0,0,1,0,0,0,1,0,0,0,1,0,0,0,0,0,1,0,0,1.0,0.0,0.0,0.0,0.0,0,0,1,0,0,1,0,0,0,0,0,0,0,0,0,0,0,0,1,0,0,1,0,0,1
345,2.0,0.0,-6.0,0.0,4.0,1.0,0.0,1.0,8.0,8.0,6.0,0.0,1.0,1.0,0,1,0,0,0,1,0,0,0,1,0,0,0,0,0,1,0,0,1.0,1.0,0.0,0.0,0.0,0,0,0,0,1,0,0,0,0,1,0,0,1,0,0,0,0,0,0,0,0,1,0,0,1
346,1.0,1.0,1.0,1.0,7.0,0.0,0.0,1.0,7.0,7.0,2.0,0.0,1.0,1.0,0,0,1,0,1,0,0,0,0,0,1,0,0,0,0,0,0,1,1.0,1.0,1.0,1.0,1.0,0,0,0,0,1,0,1,0,0,0,0,0,0,0,0,1,0,0,0,0,0,1,1,0,0
347,1.0,0.0,10.0,1.0,7.0,0.0,0.0,1.0,3.0,7.0,5.0,0.0,1.0,1.0,0,1,0,0,0,0,1,0,0,1,0,0,0,0,0,0,0,1,1.0,1.0,0.0,1.0,0.0,0,0,0,0,1,0,0,0,1,0,0,0,1,0,0,0,0,0,0,0,1,0,0,1,0
348,1.0,0.0,0.0,1.0,7.0,1.0,0.0,1.0,8.0,9.0,3.0,0.0,1.0,1.0,0,1,0,0,1,0,0,0,0,0,1,0,0,0,0,0,0,1,1.0,1.0,0.0,0.0,0.0,0,0,0,0,1,0,1,0,0,0,0,0,0,0,0,0,0,1,0,0,0,1,0,0,1
349,1.0,1.0,-5.0,0.0,7.0,1.0,0.0,1.0,6.0,9.0,6.0,0.0,1.0,1.0,1,0,0,0,0,1,0,0,0,0,1,0,0,0,0,0,0,1,0.0,1.0,0.0,0.0,0.0,1,0,0,0,0,0,1,0,0,0,0,0,1,0,0,0,0,0,0,0,0,1,0,0,1
350,1.0,0.0,1.0,1.0,7.0,0.0,0.0,1.0,2.0,8.0,5.0,0.0,1.0,1.0,0,1,0,0,1,0,0,0,0,0,1,0,0,0,0,0,1,0,0.0,1.0,1.0,0.0,0.0,0,0,0,1,0,0,1,0,0,0,0,0,0,0,0,1,0,0,0,0,0,1,1,0,0
351,1.0,0.0,1.0,1.0,7.0,1.0,0.0,1.0,7.0,9.0,0.0,0.0,0.0,0.0,0,1,0,0,1,0,0,0,0,1,0,0,0,0,0,0,0,1,1.0,1.0,1.0,1.0,0.0,0,0,0,0,1,0,0,0,0,0,0,1,1,0,0,0,0,0,0,0,1,0,0,1,0
352,2.0,0.0,1.0,0.0,6.0,0.0,0.0,1.0,4.0,9.0,7.0,0.0,1.0,1.0,0,1,0,0,1,0,0,0,0,1,0,0,0,0,0,1,0,0,1.0,1.0,1.0,1.0,1.0,0,0,0,0,1,0,0,0,1,0,0,0,0,1,0,0,0,0,0,1,0,0,1,0,0
353,1.0,0.0,-8.0,0.0,5.0,0.0,1.0,1.0,8.0,10.0,8.0,0.0,0.0,1.0,0,1,0,0,0,1,0,0,0,1,0,0,0,0,0,1,0,0,1.0,1.0,0.0,0.0,0.0,1,0,0,0,0,1,0,0,0,0,0,0,0,1,0,0,0,0,0,0,1,0,0,1,0
354,1.0,0.0,0.0,1.0,7.0,1.0,1.0,1.0,7.0,7.0,5.0,0.0,1.0,1.0,0,1,0,0,1,0,0,0,0,1,0,0,0,0,0,0,1,0,1.0,1.0,1.0,0.0,0.0,1,0,0,0,0,1,0,0,0,0,0,0,0,0,0,1,0,0,0,0,0,1,0,0,1
355,1.0,0.0,0.0,1.0,7.0,1.0,1.0,1.0,7.0,7.0,5.0,0.0,1.0,1.0,0,1,0,0,1,0,0,0,0,1,0,0,0,0,0,0,1,0,1.0,1.0,1.0,0.0,0.0,1,0,0,0,0,1,0,0,0,0,0,0,0,0,0,1,0,0,0,0,0,1,0,0,1
356,1.0,0.0,-5.0,1.0,6.0,1.0,1.0,1.0,8.0,9.0,5.0,0.0,0.0,1.0,0,1,0,0,0,1,0,0,0,0,1,0,0,0,0,0,1,0,0.0,1.0,0.0,0.0,0.0,0,0,0,1,0,1,0,0,0,0,0,0,0,1,0,0,0,0,0,0,0,1,0,0,1
357,1.0,0.0,-5.0,1.0,7.0,1.0,1.0,1.0,5.0,10.0,0.0,1.0,1.0,1.0,0,1,0,0,0,1,0,0,0,0,1,0,0,0,0,0,0,1,1.0,1.0,1.0,0.0,0.0,0,0,1,0,0,0,0,0,0,0,0,1,0,0,0,1,0,0,0,0,0,1,1,0,0
358,2.0,0.0,-3.0,1.0,6.0,1.0,1.0,1.0,7.0,9.0,7.0,1.0,1.0,1.0,1,0,0,0,0,0,0,1,0,0,0,0,0,0,1,0,0,1,1.0,0.0,0.0,0.0,0.0,1,0,0,0,0,0,1,0,0,0,0,0,1,0,0,0,0,0,0,0,0,1,0,0,1
359,1.0,0.0,1.0,1.0,4.0,0.0,0.0,1.0,7.0,10.0,8.0,0.0,1.0,1.0,0,1,0,0,1,0,0,0,0,1,0,0,0,0,0,0,1,0,1.0,1.0,0.0,1.0,1.0,0,0,1,0,0,0,0,0,1,0,0,0,0,0,0,0,0,0,1,0,0,1,1,0,0
360,1.0,0.0,11.0,0.0,7.0,1.0,0.0,1.0,5.0,9.0,1.0,0.0,1.0,1.0,0,1,0,0,0,0,1,0,0,1,0,0,0,0,0,0,0,1,1.0,1.0,0.0,0.0,0.0,0,0,0,0,1,0,1,0,0,0,0,0,0,0,1,0,0,0,0,1,0,0,0,0,1
361,1.0,0.0,-8.0,0.0,7.0,1.0,0.0,1.0,8.0,9.0,6.0,0.0,1.0,1.0,0,1,0,0,0,1,0,0,0,1,0,0,0,0,0,0,1,0,1.0,1.0,1.0,1.0,0.0,0,0,1,0,0,0,0,0,0,0,1,0,0,0,1,0,0,0,0,0,0,1,0,0,1
362,1.0,0.0,-8.0,0.0,7.0,1.0,0.0,1.0,8.0,9.0,6.0,0.0,1.0,1.0,0,1,0,0,0,1,0,0,0,1,0,0,0,0,0,0,1,0,1.0,1.0,1.0,1.0,0.0,0,0,1,0,0,0,0,0,0,0,1,0,0,0,1,0,0,0,0,0,0,1,0,0,1
363,0.0,0.0,-8.0,1.0,7.0,1.0,0.0,0.0,7.0,9.0,3.0,0.0,1.0,1.0,0,1,0,0,0,1,0,0,0,0,0,1,0,0,0,0,0,1,1.0,1.0,0.0,1.0,0.0,0,0,0,0,1,0,0,0,1,0,0,0,1,0,0,0,0,0,0,0,0,1,1,0,0
364,0.0,0.0,-7.0,1.0,6.0,0.0,0.0,1.0,5.0,8.0,6.0,1.0,1.0,1.0,0,1,0,0,0,1,0,0,0,0,0,1,0,0,0,0,0,1,1.0,1.0,0.0,0.0,1.0,1,0,0,0,0,1,0,0,0,0,0,0,0,0,0,0,0,1,0,1,0,0,0,0,1
365,1.0,0.0,-5.0,1.0,2.0,1.0,0.0,1.0,7.0,10.0,5.0,0.0,0.0,1.0,0,0,1,0,0,1,0,0,0,0,1,0,0,0,0,0,0,1,1.0,1.0,0.0,0.0,0.0,0,0,0,0,1,0,1,0,0,0,0,0,0,0,0,1,0,0,0,0,0,1,0,0,1
366,1.0,1.0,-5.0,1.0,5.0,1.0,0.0,1.0,7.0,6.0,10.0,0.0,0.0,1.0,1,0,0,0,0,1,0,0,0,0,1,0,0,0,0,0,0,1,1.0,1.0,0.0,0.0,0.0,0,0,0,0,1,0,0,0,0,0,0,1,0,0,0,1,0,0,0,0,0,1,0,0,1
367,3.0,0.0,-6.0,0.0,7.0,0.0,1.0,0.0,7.0,10.0,6.0,0.0,0.0,1.0,0,0,1,0,0,1,0,0,0,0,0,0,1,0,0,1,0,0,1.0,1.0,0.0,0.0,0.0,1,0,0,0,0,0,0,0,1,0,0,0,0,0,0,0,0,1,0,0,0,1,0,0,1
368,2.0,0.0,-5.0,0.0,7.0,1.0,0.0,1.0,7.0,9.0,4.0,1.0,1.0,1.0,0,1,0,0,1,0,0,0,0,0,0,0,0,0,1,1,0,0,0.0,1.0,1.0,1.0,0.0,0,0,0,0,1,0,0,0,0,0,0,1,0,1,0,0,0,0,0,0,0,1,0,0,1
369,1.0,0.0,-5.0,0.0,4.0,0.0,0.0,1.0,4.0,9.0,9.0,0.0,1.0,1.0,0,1,0,0,0,0,0,1,0,0,0,0,1,0,0,1,0,0,0.0,1.0,0.0,0.0,0.0,0,0,0,1,0,0,0,0,1,0,0,0,0,1,0,0,0,0,0,0,0,1,0,1,0
370,1.0,0.0,-8.0,1.0,7.0,1.0,0.0,1.0,7.0,9.0,8.0,0.0,1.0,1.0,0,1,0,0,0,1,0,0,0,1,0,0,0,0,0,0,1,0,1.0,1.0,1.0,1.0,1.0,1,0,0,0,0,0,1,0,0,0,0,0,1,0,0,0,0,0,0,1,0,0,0,0,1
371,0.0,1.0,-8.0,1.0,7.0,1.0,0.0,1.0,6.0,8.0,2.0,1.0,1.0,1.0,0,1,0,0,0,1,0,0,0,0,0,1,0,0,0,0,0,1,1.0,1.0,0.0,1.0,0.0,0,0,0,0,1,0,1,0,0,0,0,0,0,0,1,0,0,0,0,0,0,1,1,0,0
372,3.0,0.0,11.0,0.0,7.0,0.0,1.0,0.0,0.0,9.0,8.0,0.0,0.0,1.0,0,1,0,0,0,0,1,0,0,1,0,0,0,0,0,1,0,0,1.0,0.0,0.0,0.0,0.0,1,0,0,0,0,1,0,0,0,0,0,0,0,1,0,0,0,0,0,0,0,1,1,0,0
373,0.0,0.0,-5.0,1.0,4.0,0.0,0.0,1.0,8.0,10.0,5.0,0.0,1.0,1.0,0,1,0,0,0,1,0,0,0,0,0,1,0,0,0,0,0,1,1.0,1.0,0.0,0.0,0.0,0,0,0,0,1,1,0,0,0,0,0,0,0,0,0,1,0,0,0,0,1,0,0,0,1
374,0.0,0.0,5.5,1.0,7.0,1.0,0.0,1.0,6.0,9.0,7.0,0.0,1.0,1.0,0,1,0,1,0,0,0,0,0,0,0,1,0,0,0,0,0,1,1.0,1.0,1.0,1.0,0.0,0,0,0,0,1,0,1,0,0,0,0,0,0,0,0,0,0,1,0,0,0,1,0,0,1
375,1.0,0.0,-5.0,1.0,7.0,1.0,1.0,1.0,9.0,10.0,3.0,0.0,1.0,0.0,0,1,0,0,0,1,0,0,0,0,1,0,0,0,0,0,0,1,1.0,1.0,1.0,0.0,0.0,0,0,0,0,1,0,0,0,0,1,0,0,0,0,0,0,0,1,0,0,0,1,0,1,0
376,1.0,1.0,-5.0,1.0,7.0,0.0,0.0,1.0,6.0,10.0,2.0,0.0,1.0,1.0,0,1,0,0,0,1,0,0,0,0,1,0,0,0,0,0,1,0,1.0,1.0,1.0,0.0,0.0,0,0,0,0,1,0,0,0,1,0,0,0,0,0,0,0,0,0,1,0,0,1,0,0,1
377,1.0,0.0,-6.0,1.0,7.0,0.0,0.0,1.0,6.0,9.0,7.0,1.0,1.0,1.0,0,1,0,0,0,1,0,0,0,0,1,0,0,0,0,1,0,0,1.0,1.0,0.0,1.0,1.0,1,0,0,0,0,0,0,0,1,0,0,0,0,0,1,0,0,0,0,0,0,1,0,0,1
378,2.0,0.0,-7.0,0.0,7.0,0.0,0.0,1.0,8.0,6.0,3.0,1.0,1.0,0.0,0,1,0,0,0,1,0,0,1,0,0,0,0,0,0,1,0,0,1.0,1.0,1.0,1.0,0.0,0,0,0,0,1,1,0,0,0,0,0,0,0,0,0,0,1,0,0,0,1,0,0,1,0
380,1.0,1.0,7.0,1.0,4.0,1.0,0.0,1.0,8.0,10.0,7.0,0.0,1.0,1.0,0,0,1,1,0,0,0,0,0,1,0,0,0,0,0,0,0,1,1.0,1.0,1.0,0.0,1.0,0,0,0,0,1,0,0,0,0,0,0,1,0,0,0,1,0,0,0,1,0,0,1,0,0
381,1.0,0.0,1.0,1.0,3.0,1.0,0.0,1.0,7.0,8.0,3.0,0.0,0.0,1.0,0,1,0,0,1,0,0,0,0,0,1,0,0,0,0,0,0,1,1.0,0.0,0.0,0.0,0.0,0,0,0,0,1,0,0,0,0,0,0,1,1,0,0,0,0,0,0,0,1,0,0,1,0
382,1.0,1.0,1.0,0.0,7.0,1.0,0.0,1.0,8.0,8.0,6.0,1.0,1.0,1.0,0,1,0,0,1,0,0,0,1,0,0,0,0,0,0,1,0,0,1.0,1.0,1.0,0.0,0.0,0,0,0,0,1,0,1,0,0,0,0,0,0,0,0,0,0,0,1,0,0,1,0,0,1
383,2.0,0.0,13.0,0.0,7.0,1.0,0.0,1.0,6.0,7.0,2.0,0.0,1.0,1.0,0,1,0,0,0,0,1,0,0,0,0,0,0,0,1,0,0,1,0.0,1.0,0.0,0.0,0.0,1,0,0,0,0,0,1,0,0,0,0,0,1,0,0,0,0,0,0,0,0,1,0,0,1
384,2.0,0.0,1.0,0.0,5.0,0.0,1.0,1.0,7.0,9.0,0.0,0.0,1.0,1.0,0,1,0,0,1,0,0,0,0,0,0,0,0,0,1,1,0,0,1.0,1.0,1.0,1.0,0.0,1,0,0,0,0,0,1,0,0,0,0,0,0,0,0,1,0,0,0,0,0,1,1,0,0
385,1.0,1.0,-5.0,1.0,7.0,1.0,1.0,1.0,7.0,10.0,5.0,0.0,0.0,1.0,1,0,0,0,0,1,0,0,0,1,0,0,0,0,0,0,1,0,1.0,1.0,0.0,0.0,0.0,0,0,0,0,1,0,0,0,0,0,1,0,0,0,0,0,0,0,1,0,0,1,0,0,1
387,1.0,0.0,1.0,1.0,3.0,1.0,0.0,1.0,7.0,8.0,3.0,0.0,1.0,1.0,0,1,0,0,0,1,0,0,1,0,0,0,0,0,0,0,1,0,1.0,1.0,1.0,0.0,0.0,0,0,0,0,1,0,0,1,0,0,0,0,0,1,0,0,0,0,0,0,1,0,1,0,0
388,2.0,0.0,10.0,0.0,7.0,1.0,0.0,1.0,6.0,7.0,0.0,0.0,1.0,1.0,0,1,0,0,0,0,0,0,0,1,0,0,0,0,0,0,1,0,1.0,1.0,1.0,1.0,1.0,0,0,0,0,1,0,0,0,0,0,0,1,0,1,0,0,0,0,0,0,1,0,0,1,0
389,1.0,1.0,5.5,1.0,6.0,1.0,0.0,1.0,8.0,9.0,8.0,1.0,1.0,1.0,0,1,0,1,0,0,0,0,0,1,0,0,0,0,0,0,0,1,1.0,1.0,1.0,1.0,0.0,0,0,0,0,1,0,1,0,0,0,0,0,1,0,0,0,0,0,0,0,0,1,1,0,0
390,1.0,0.0,-8.0,1.0,7.0,1.0,0.0,1.0,7.0,8.0,5.0,1.0,1.0,1.0,0,1,0,1,0,0,0,0,0,0,1,0,0,0,0,0,0,1,1.0,1.0,1.0,1.0,1.0,0,0,0,0,1,0,1,0,0,0,0,0,1,0,0,0,0,0,0,0,1,0,0,0,1
391,1.0,0.0,-7.0,1.0,7.0,1.0,1.0,0.0,6.0,8.0,6.0,1.0,1.0,0.0,0,1,0,0,0,1,0,0,0,0,1,0,0,0,0,0,0,1,1.0,1.0,1.0,0.0,0.0,1,0,0,0,0,1,0,0,0,0,0,0,0,1,0,0,0,0,0,1,0,0,0,1,0
393,0.0,0.0,-3.0,0.0,6.0,0.0,0.0,1.0,6.0,9.0,8.0,0.0,1.0,1.0,0,1,0,0,0,0,0,1,0,0,0,1,0,0,0,0,0,1,1.0,1.0,1.0,1.0,1.0,1,0,0,0,0,0,0,0,1,0,0,0,0,1,0,0,0,0,0,1,0,0,0,0,1
394,1.0,0.0,-8.0,0.0,7.0,1.0,0.0,1.0,8.0,9.0,6.0,0.0,1.0,1.0,0,0,1,0,0,1,0,0,0,1,0,0,0,0,0,1,0,0,1.0,1.0,1.0,1.0,0.0,1,0,0,0,0,0,0,0,1,0,0,0,0,1,0,0,0,0,0,0,1,0,0,0,1
395,1.0,0.0,0.0,1.0,7.0,0.0,1.0,1.0,6.0,10.0,3.0,0.0,1.0,1.0,0,1,0,0,1,0,0,0,0,0,0,0,1,0,0,0,0,1,1.0,1.0,1.0,1.0,0.0,1,0,0,0,0,0,0,0,1,0,0,0,0,1,0,0,0,0,0,0,0,1,1,0,0
396,1.0,0.0,-8.0,1.0,5.0,0.0,0.0,1.0,10.0,5.0,1.0,1.0,1.0,1.0,0,1,0,0,0,1,0,0,1,0,0,0,0,0,0,0,0,1,1.0,1.0,0.0,0.0,0.0,1,0,0,0,0,0,1,0,0,0,0,0,0,0,0,0,0,0,1,0,1,0,0,1,0
397,2.0,0.0,-8.0,1.0,3.0,1.0,1.0,1.0,5.0,6.0,0.0,1.0,1.0,0.0,0,1,0,0,0,1,0,0,1,0,0,0,0,0,0,0,1,0,1.0,0.0,0.0,0.0,0.0,1,0,0,0,0,0,1,0,0,0,0,0,1,0,0,0,0,0,0,0,1,0,0,1,0
398,2.0,0.0,8.0,0.0,4.0,1.0,0.0,1.0,7.0,6.0,5.0,1.0,1.0,0.0,0,1,0,1,0,0,0,0,0,1,0,0,0,0,0,0,0,1,1.0,1.0,1.0,1.0,1.0,0,0,0,0,1,0,1,0,0,0,0,0,0,0,1,0,0,0,0,1,0,0,0,1,0
399,1.0,0.0,-5.0,1.0,7.0,0.0,0.0,1.0,6.0,9.0,3.0,0.0,1.0,1.0,0,1,0,0,0,1,0,0,0,0,1,0,0,0,0,0,0,1,0.0,1.0,0.0,0.0,0.0,0,0,0,0,1,1,0,0,0,0,0,0,0,0,0,1,0,0,0,1,0,0,0,1,0
400,1.0,0.0,-8.0,0.0,5.0,0.0,0.0,1.0,5.0,8.0,5.0,1.0,1.0,1.0,0,1,0,0,0,1,0,0,0,1,0,0,0,0,0,0,0,1,0.0,1.0,1.0,0.0,0.0,0,0,0,1,0,0,0,0,1,0,0,0,0,1,0,0,0,0,0,0,0,1,0,0,1
401,0.0,0.0,5.5,1.0,6.0,1.0,0.0,1.0,8.0,7.0,9.0,0.0,1.0,0.0,0,1,0,1,0,0,0,0,0,0,0,1,0,0,0,0,0,1,0.0,1.0,1.0,0.0,0.0,0,0,0,1,0,1,0,0,0,0,0,0,0,0,0,1,0,0,0,0,0,1,0,0,1
402,1.0,0.0,-8.0,0.0,6.0,1.0,0.0,1.0,7.0,10.0,5.0,0.0,1.0,0.0,0,1,0,0,0,1,0,0,0,1,0,0,0,0,0,0,1,0,1.0,1.0,1.0,1.0,0.0,0,0,0,0,1,0,1,0,0,0,0,0,0,0,0,0,0,0,0,0,0,1,0,0,1
403,1.0,0.0,-8.0,0.0,7.0,0.0,1.0,1.0,8.0,10.0,9.0,0.0,0.0,1.0,0,1,0,0,0,1,0,0,0,1,0,0,0,0,0,1,0,0,1.0,1.0,0.0,1.0,0.0,1,0,0,0,0,0,1,0,0,0,0,0,1,0,0,0,0,0,0,0,1,0,0,1,0
404,2.0,0.0,0.0,0.0,7.0,0.0,1.0,1.0,9.0,8.0,0.0,1.0,1.0,1.0,0,1,0,0,1,0,0,0,0,0,1,0,0,0,0,1,0,0,1.0,1.0,1.0,0.0,0.0,1,0,0,0,0,0,1,0,0,0,0,0,0,0,0,0,1,0,0,0,1,0,0,1,0
405,2.0,0.0,1.0,0.0,7.0,0.0,1.0,1.0,9.0,8.0,9.0,1.0,1.0,1.0,0,1,0,0,1,0,0,0,0,0,1,0,0,0,0,1,0,0,1.0,1.0,1.0,1.0,0.0,1,0,0,0,0,0,0,1,0,0,0,0,0,1,0,0,0,0,0,0,0,1,0,0,1
406,2.0,0.0,-5.0,0.0,7.0,1.0,1.0,1.0,7.0,10.0,3.0,0.0,1.0,1.0,0,1,0,0,0,1,0,0,1,0,0,0,0,0,0,1,0,0,1.0,1.0,1.0,0.0,0.0,1,0,0,0,0,0,0,0,0,0,0,1,1,0,0,0,0,0,0,0,0,1,1,0,0
407,2.0,0.0,0.0,0.0,7.0,1.0,0.0,1.0,7.0,9.0,3.0,0.0,1.0,1.0,0,1,0,0,1,0,0,0,0,0,1,0,0,0,0,0,1,0,1.0,1.0,1.0,0.0,1.0,1,0,0,0,0,0,0,0,0,0,0,1,0,0,0,0,1,0,0,0,1,0,1,0,0
408,2.0,0.0,-5.0,0.0,4.0,1.0,1.0,1.0,7.0,9.0,4.0,0.0,0.0,1.0,0,1,0,0,0,1,0,0,0,1,0,0,0,0,0,1,0,0,1.0,1.0,0.0,1.0,0.0,1,0,0,0,0,0,0,1,0,0,0,0,0,1,0,0,0,0,0,0,0,1,1,0,0
409,1.0,0.0,-7.0,1.0,7.0,1.0,1.0,1.0,4.0,7.0,3.0,1.0,1.0,1.0,0,1,0,0,0,1,0,0,0,0,1,0,0,0,0,0,1,0,1.0,1.0,1.0,1.0,1.0,1,0,0,0,0,0,0,1,0,0,0,0,0,0,0,0,1,0,0,1,0,0,1,0,0
410,1.0,1.0,-5.0,1.0,5.0,1.0,1.0,1.0,7.0,10.0,9.0,1.0,1.0,1.0,0,1,0,0,0,1,0,0,1,0,0,0,0,0,0,1,0,0,1.0,1.0,1.0,1.0,1.0,0,0,0,0,1,0,1,0,0,0,0,0,0,0,1,0,0,0,0,0,0,1,0,1,0
411,1.0,1.0,-4.0,0.0,5.0,1.0,0.0,1.0,7.0,8.0,3.0,0.0,1.0,1.0,0,1,0,0,0,0,0,1,0,0,1,0,0,0,0,0,0,1,1.0,1.0,1.0,0.0,1.0,0,0,0,0,1,0,1,0,0,0,0,0,0,0,0,0,0,0,1,0,0,1,0,0,1
412,0.0,0.0,0.0,1.0,3.0,1.0,0.0,1.0,8.0,10.0,7.0,1.0,1.0,1.0,0,1,0,0,1,0,0,0,0,0,1,0,0,0,0,0,0,1,1.0,1.0,1.0,0.0,0.0,1,0,0,0,0,0,0,0,0,0,0,1,0,0,0,1,0,0,0,0,1,0,0,1,0
414,1.0,0.0,6.5,1.0,7.0,1.0,0.0,1.0,5.0,9.0,8.0,0.0,1.0,1.0,0,1,0,1,0,0,0,0,1,0,0,0,0,0,0,0,1,0,1.0,1.0,1.0,1.0,0.0,1,0,0,0,0,0,1,0,0,0,0,0,0,0,1,0,0,0,0,0,1,0,1,0,0
415,1.0,0.0,-5.0,0.0,7.0,1.0,1.0,1.0,9.0,9.0,2.0,1.0,0.0,1.0,0,0,1,0,0,1,0,0,0,1,0,0,0,0,0,0,0,1,1.0,1.0,0.0,1.0,1.0,0,0,0,0,1,0,0,0,0,0,1,0,0,0,0,0,0,0,1,0,0,1,0,0,1
416,1.0,0.0,-6.0,0.0,2.0,0.0,0.0,0.0,9.0,10.0,10.0,1.0,0.0,1.0,0,1,0,0,0,1,0,0,0,1,0,0,0,0,0,0,0,1,1.0,0.0,0.0,0.0,0.0,0,0,0,0,1,0,0,1,0,0,0,0,1,0,0,0,0,0,0,1,0,0,0,1,0
417,0.0,0.0,2.0,1.0,5.0,1.0,0.0,1.0,7.0,6.0,7.0,0.0,1.0,1.0,0,1,0,0,1,0,0,0,0,0,0,1,0,0,0,0,1,0,1.0,1.0,1.0,0.0,1.0,0,0,0,0,1,0,1,0,0,0,0,0,0,0,0,0,1,0,0,0,0,1,1,0,0
418,2.0,0.0,-8.0,0.0,6.0,1.0,0.0,0.0,0.0,9.0,2.0,0.0,1.0,1.0,0,0,1,0,0,1,0,0,0,1,0,0,0,0,0,0,0,1,1.0,0.0,1.0,0.0,0.0,0,0,1,0,0,0,0,0,0,0,0,1,0,0,0,0,0,1,0,0,0,1,0,0,1
419,0.0,0.0,-6.0,1.0,5.0,1.0,0.0,1.0,9.0,9.0,0.0,0.0,1.0,1.0,0,1,0,0,0,1,0,0,0,0,0,1,0,0,0,0,0,1,1.0,0.0,0.0,0.0,0.0,0,0,1,0,0,1,0,0,0,0,0,0,0,0,0,0,1,0,0,0,1,0,1,0,0
420,1.0,0.0,-6.0,0.0,6.0,1.0,1.0,1.0,7.0,9.0,0.0,0.0,0.0,1.0,0,1,0,0,0,1,0,0,0,1,0,0,0,0,0,1,0,0,1.0,1.0,0.0,1.0,0.0,1,0,0,0,0,0,0,0,1,0,0,0,0,1,0,0,0,0,0,0,0,1,1,0,0
421,1.0,0.0,-5.0,1.0,3.0,1.0,1.0,1.0,8.0,8.0,6.0,1.0,1.0,1.0,0,1,0,0,0,1,0,0,0,0,1,0,0,0,0,0,0,1,1.0,1.0,1.0,1.0,1.0,0,0,0,0,1,0,1,0,0,0,0,0,0,0,0,1,0,0,0,1,0,0,1,0,0
422,2.0,0.0,-5.0,0.0,6.0,1.0,0.0,0.0,7.0,10.0,5.0,0.0,0.0,1.0,0,1,0,0,0,1,0,0,0,1,0,0,0,0,0,1,0,0,1.0,0.0,0.0,1.0,0.0,0,0,0,0,1,0,0,1,0,0,0,0,0,0,0,0,0,1,0,1,0,0,0,1,0
423,1.0,0.0,1.0,0.0,7.0,0.0,1.0,0.0,7.0,9.0,7.0,0.0,1.0,1.0,0,1,0,0,1,0,0,0,0,0,0,0,0,1,0,1,0,0,1.0,1.0,1.0,1.0,0.0,1,0,0,0,0,0,0,0,1,0,0,0,0,1,0,0,0,0,0,0,1,0,1,0,0
424,1.0,0.0,1.0,1.0,7.0,0.0,0.0,1.0,4.0,8.0,3.0,0.0,1.0,1.0,0,1,0,0,1,0,0,0,0,0,1,0,0,0,0,0,0,1,1.0,1.0,1.0,1.0,0.0,1,0,0,0,0,0,1,0,0,0,0,0,0,0,0,1,0,0,0,0,0,1,0,0,1
425,1.0,0.0,-5.0,0.0,4.0,0.0,1.0,1.0,8.0,9.0,0.0,1.0,1.0,1.0,0,1,0,0,0,1,0,0,0,0,1,0,0,0,0,1,0,0,1.0,0.0,1.0,0.0,0.0,0,0,0,0,1,0,0,0,1,0,0,0,0,0,0,0,0,0,1,0,0,1,0,1,0
426,2.0,0.0,2.0,1.0,7.0,1.0,1.0,1.0,6.0,5.0,7.0,0.0,1.0,1.0,0,1,0,0,1,0,0,0,0,1,0,0,0,0,0,0,0,1,1.0,1.0,1.0,0.0,0.0,1,0,0,0,0,0,1,0,0,0,0,0,0,0,0,0,0,0,1,0,0,1,1,0,0
428,1.0,0.0,-5.0,1.0,4.0,0.0,0.0,1.0,3.0,7.0,2.0,0.0,1.0,1.0,0,1,0,0,0,1,0,0,0,0,1,0,0,0,0,1,0,0,1.0,0.0,0.0,0.0,0.0,0,0,0,0,1,0,1,0,0,0,0,0,0,0,0,0,0,0,1,0,0,1,0,0,1
430,1.0,0.0,1.0,1.0,7.0,0.0,0.0,1.0,6.0,7.0,4.0,0.0,1.0,1.0,0,1,0,0,1,0,0,0,0,0,1,0,0,0,0,1,0,0,1.0,0.0,0.0,1.0,0.0,0,0,0,0,1,0,0,1,0,0,0,0,0,0,0,1,0,0,0,0,0,1,1,0,0
432,1.0,0.0,1.0,1.0,1.0,0.0,1.0,1.0,8.0,10.0,3.0,1.0,1.0,1.0,0,1,0,0,1,0,0,0,0,0,0,1,0,0,0,0,0,1,1.0,1.0,0.0,0.0,0.0,1,0,0,0,0,0,0,0,1,0,0,0,0,1,0,0,0,0,0,1,0,0,0,1,0
433,1.0,1.0,1.0,1.0,4.0,1.0,0.0,1.0,8.0,9.0,8.0,0.0,0.0,1.0,0,1,0,0,1,0,0,0,0,1,0,0,0,0,0,0,0,1,1.0,1.0,0.0,0.0,0.0,1,0,0,0,0,0,0,0,1,0,0,0,0,0,0,0,0,0,1,0,0,1,0,0,1
435,2.0,0.0,1.0,1.0,6.0,0.0,0.0,1.0,7.0,10.0,3.0,0.0,1.0,1.0,0,1,0,0,1,0,0,0,0,1,0,0,0,0,0,1,0,0,1.0,1.0,1.0,1.0,1.0,1,0,0,0,0,0,1,0,0,0,0,0,0,0,0,0,0,0,1,0,0,1,0,0,1
436,2.0,0.0,0.0,0.0,3.0,1.0,1.0,1.0,8.0,10.0,5.0,1.0,1.0,1.0,0,1,0,0,1,0,0,0,0,0,1,0,0,0,0,0,1,0,1.0,0.0,0.0,0.0,0.0,0,0,0,0,1,0,0,0,1,0,0,0,0,1,0,0,0,0,0,0,0,1,1,0,0
437,1.0,0.0,1.0,0.0,5.0,0.0,1.0,1.0,6.0,9.0,9.0,1.0,1.0,1.0,0,1,0,0,1,0,0,0,0,1,0,0,0,0,0,0,1,0,1.0,1.0,1.0,1.0,1.0,1,0,0,0,0,0,1,0,0,0,0,0,1,0,0,0,0,0,0,0,0,1,0,1,0
438,1.0,0.0,-4.0,1.0,4.0,1.0,0.0,1.0,4.0,10.0,3.0,0.0,1.0,1.0,0,1,0,0,0,0,0,1,0,1,0,0,0,0,0,0,0,1,1.0,1.0,0.0,1.0,0.0,0,0,0,0,1,0,1,0,0,0,0,0,0,0,0,0,0,1,0,0,1,0,0,0,1
440,1.0,0.0,8.0,1.0,6.0,1.0,0.0,1.0,9.0,7.0,4.0,1.0,1.0,1.0,0,1,0,1,0,0,0,0,0,0,0,1,0,0,0,0,0,1,1.0,1.0,1.0,0.0,0.0,1,0,0,0,0,1,0,0,0,0,0,0,0,0,0,0,1,0,0,0,0,1,1,0,0
441,2.0,0.0,1.0,0.0,7.0,0.0,1.0,1.0,8.0,4.0,8.0,0.0,0.0,1.0,0,1,0,0,1,0,0,0,0,1,0,0,0,0,0,1,0,0,1.0,1.0,0.0,1.0,0.0,0,0,0,0,1,0,0,0,0,1,0,0,0,0,0,0,0,0,1,0,0,1,0,0,1
442,1.0,0.0,-8.0,1.0,7.0,1.0,0.0,1.0,8.0,7.0,7.0,0.0,1.0,1.0,0,1,0,0,0,1,0,0,0,0,1,0,0,0,0,0,0,1,1.0,1.0,1.0,1.0,0.0,0,0,0,0,1,1,0,0,0,0,0,0,0,0,0,1,0,0,0,0,0,1,1,0,0
443,1.0,0.0,-5.0,1.0,7.0,1.0,1.0,1.0,10.0,10.0,7.0,1.0,1.0,1.0,0,1,0,0,0,1,0,0,1,0,0,0,0,0,0,0,1,0,1.0,1.0,1.0,1.0,1.0,1,0,0,0,0,1,0,0,0,0,0,0,0,0,0,1,0,0,0,0,0,1,0,0,1
444,1.0,0.0,-7.0,1.0,7.0,0.0,1.0,1.0,7.0,10.0,2.0,0.0,1.0,1.0,0,1,0,0,0,1,0,0,0,0,1,0,0,0,0,0,0,1,1.0,1.0,1.0,0.0,1.0,1,0,0,0,0,0,0,0,1,0,0,0,1,0,0,0,0,0,0,0,1,0,1,0,0
445,1.0,1.0,-8.0,1.0,7.0,1.0,1.0,1.0,8.0,9.0,2.0,0.0,1.0,1.0,0,0,1,0,0,1,0,0,0,1,0,0,0,0,0,1,0,0,1.0,1.0,0.0,1.0,1.0,1,0,0,0,0,1,0,0,0,0,0,0,0,0,0,1,0,0,0,0,0,1,0,0,1
446,1.0,0.0,-5.0,0.0,3.0,0.0,0.0,1.0,0.0,10.0,6.0,1.0,1.0,1.0,0,1,0,0,0,1,0,0,0,0,1,0,0,0,0,0,1,0,1.0,1.0,1.0,0.0,0.0,1,0,0,0,0,0,0,0,1,0,0,0,0,0,1,0,0,0,0,0,1,0,1,0,0
447,0.0,0.0,-5.0,1.0,4.0,0.0,1.0,1.0,7.0,10.0,5.0,0.0,1.0,0.0,0,1,0,0,0,1,0,0,0,0,1,0,0,0,0,0,1,0,1.0,1.0,0.0,1.0,0.0,1,0,0,0,0,0,1,0,0,0,0,0,0,0,0,0,1,0,0,0,0,1,0,1,0
448,1.0,0.0,-6.0,1.0,3.0,0.0,1.0,1.0,7.0,10.0,0.0,1.0,0.0,1.0,0,1,0,0,0,1,0,0,0,0,1,0,0,0,0,0,0,1,1.0,1.0,0.0,0.0,1.0,0,0,0,0,1,0,0,0,0,0,0,1,0,0,0,0,1,0,0,0,0,1,1,0,0
449,2.0,0.0,-8.0,0.0,4.0,0.0,1.0,1.0,7.0,9.0,3.0,0.0,0.0,1.0,0,1,0,0,0,1,0,0,0,1,0,0,0,0,0,1,0,0,1.0,1.0,0.0,0.0,0.0,0,0,1,0,0,0,1,0,0,0,0,0,0,0,0,1,0,0,0,1,0,0,0,0,1
450,3.0,1.0,-8.0,0.0,7.0,1.0,0.0,1.0,7.0,10.0,4.0,0.0,1.0,1.0,0,0,1,0,0,1,0,0,0,0,1,0,0,0,0,0,1,0,1.0,1.0,1.0,0.0,1.0,0,0,0,0,1,0,0,0,0,0,1,0,0,0,0,0,1,0,0,0,0,1,0,0,1
451,1.0,0.0,3.0,1.0,5.0,0.0,0.0,1.0,10.0,10.0,5.0,0.0,0.0,1.0,0,1,0,1,0,0,0,0,0,1,0,0,0,0,0,0,0,1,1.0,0.0,0.0,1.0,1.0,0,0,0,0,1,0,0,0,0,0,0,1,0,0,1,0,0,0,0,1,0,0,1,0,0
453,2.0,0.0,13.0,0.0,7.0,1.0,1.0,1.0,8.0,8.0,5.0,1.0,1.0,1.0,0,1,0,0,0,0,1,0,0,1,0,0,0,0,0,0,0,1,1.0,1.0,1.0,1.0,1.0,0,0,0,0,1,0,0,1,0,0,0,0,0,1,0,0,0,0,0,0,0,1,1,0,0
454,1.0,1.0,-6.0,1.0,7.0,1.0,0.0,1.0,8.0,9.0,9.0,1.0,1.0,1.0,0,1,0,0,0,1,0,0,0,0,1,0,0,0,0,0,1,0,1.0,1.0,1.0,1.0,0.0,0,0,0,0,1,0,0,1,0,0,0,0,0,0,0,0,0,1,0,0,0,1,0,0,1
455,1.0,0.0,1.0,1.0,6.0,0.0,0.0,1.0,6.0,10.0,9.0,0.0,1.0,1.0,0,1,0,0,1,0,0,0,0,0,1,0,0,0,0,0,0,1,1.0,0.0,0.0,1.0,0.0,1,0,0,0,0,0,1,0,0,0,0,0,0,0,0,1,0,0,0,1,0,0,0,0,1
456,2.0,0.0,1.0,0.0,7.0,1.0,1.0,1.0,5.0,5.0,1.0,1.0,1.0,1.0,0,1,0,0,1,0,0,0,0,0,0,0,1,0,0,1,0,0,1.0,1.0,1.0,1.0,0.0,1,0,0,0,0,0,1,0,0,0,0,0,0,0,1,0,0,0,0,0,1,0,0,1,0
457,1.0,0.0,-5.0,1.0,7.0,1.0,1.0,1.0,8.0,9.0,5.0,0.0,1.0,1.0,0,1,0,0,0,1,0,0,0,0,1,0,0,0,0,1,0,0,1.0,1.0,1.0,0.0,1.0,1,0,0,0,0,0,0,1,0,0,0,0,0,0,0,1,0,0,0,1,0,0,1,0,0
458,1.0,0.0,-8.0,0.0,1.0,1.0,0.0,0.0,9.0,7.0,8.0,0.0,1.0,0.0,0,1,0,0,0,1,0,0,1,0,0,0,0,0,0,0,0,1,1.0,0.0,0.0,0.0,0.0,0,0,1,0,0,0,1,0,0,0,0,0,0,0,0,0,1,0,0,0,1,0,0,1,0
459,0.0,0.0,0.0,1.0,6.0,1.0,0.0,1.0,7.0,9.0,7.0,0.0,1.0,1.0,0,1,0,0,1,0,0,0,0,0,0,1,0,0,0,0,0,1,1.0,0.0,0.0,0.0,0.0,0,0,0,0,1,0,0,0,1,0,0,0,0,1,0,0,0,0,0,1,0,0,0,1,0
460,0.0,0.0,-8.0,1.0,6.0,1.0,0.0,1.0,8.0,10.0,3.0,0.0,1.0,1.0,0,1,0,0,0,1,0,0,0,0,0,1,0,0,0,0,0,1,1.0,0.0,0.0,0.0,1.0,0,0,0,0,1,0,0,0,0,0,0,1,0,1,0,0,0,0,0,0,0,1,0,0,1
461,2.0,0.0,3.0,0.0,7.0,1.0,0.0,1.0,5.0,8.0,4.0,0.0,1.0,1.0,0,1,0,0,1,0,0,0,0,0,0,0,1,0,0,1,0,0,1.0,1.0,0.0,0.0,0.0,0,0,0,0,1,0,0,0,0,0,0,1,1,0,0,0,0,0,0,0,1,0,0,1,0
463,1.0,0.0,-4.0,1.0,7.0,1.0,1.0,1.0,7.0,9.0,5.0,0.0,0.0,1.0,0,1,0,0,0,1,0,0,0,1,0,0,0,0,0,0,0,1,1.0,0.0,0.0,0.0,0.0,1,0,0,0,0,0,1,0,0,0,0,0,1,0,0,0,0,0,0,1,0,0,0,0,1
464,1.0,0.0,-8.0,0.0,7.0,0.0,0.0,1.0,6.0,5.0,5.0,1.0,1.0,1.0,0,1,0,0,0,1,0,0,0,1,0,0,0,0,0,0,0,1,1.0,1.0,1.0,0.0,0.0,0,0,0,0,1,0,0,1,0,0,0,0,1,0,0,0,0,0,0,1,0,0,1,0,0
465,1.0,1.0,8.0,1.0,2.0,1.0,0.0,1.0,4.0,8.0,9.0,0.0,1.0,1.0,1,0,0,1,0,0,0,0,0,0,1,0,0,0,0,0,0,1,1.0,1.0,1.0,0.0,0.0,0,0,0,0,1,0,1,0,0,0,0,0,0,0,1,0,0,0,0,0,0,1,1,0,0
468,1.0,0.0,0.0,1.0,7.0,1.0,0.0,1.0,6.0,7.0,3.0,0.0,1.0,1.0,0,1,0,0,1,0,0,0,0,0,1,0,0,0,0,0,0,1,1.0,1.0,1.0,0.0,1.0,0,0,0,0,1,0,0,0,0,1,0,0,0,0,0,0,0,0,1,0,1,0,1,0,0
469,1.0,0.0,5.5,1.0,7.0,0.0,0.0,1.0,7.0,10.0,3.0,0.0,0.0,1.0,0,1,0,1,0,0,0,0,0,0,0,0,1,0,0,0,0,1,1.0,1.0,1.0,0.0,0.0,0,0,0,0,1,0,1,0,0,0,0,0,0,0,0,1,0,0,0,0,0,1,1,0,0
470,0.0,0.0,-8.0,1.0,4.0,0.0,0.0,0.0,8.0,7.0,5.0,1.0,1.0,1.0,0,1,0,0,0,1,0,0,0,0,0,1,0,0,0,0,0,1,1.0,1.0,1.0,0.0,1.0,0,0,1,0,0,0,1,0,0,0,0,0,0,0,1,0,0,0,0,0,1,0,1,0,0
471,1.0,0.0,13.0,1.0,4.0,0.0,0.0,0.0,7.0,3.0,3.0,0.0,1.0,0.0,0,1,0,0,0,0,1,0,0,0,1,0,0,0,0,0,1,0,1.0,0.0,0.0,0.0,1.0,0,0,0,0,1,0,0,1,0,0,0,0,1,0,0,0,0,0,0,1,0,0,0,1,0
472,1.0,0.0,2.0,1.0,6.0,0.0,0.0,1.0,7.0,9.0,5.0,0.0,1.0,1.0,0,1,0,1,0,0,0,0,0,0,1,0,0,0,0,0,0,1,1.0,0.0,0.0,0.0,0.0,1,0,0,0,0,0,0,1,0,0,0,0,0,1,0,0,0,0,0,0,0,1,1,0,0
473,1.0,0.0,-6.0,1.0,6.0,0.0,1.0,1.0,1.0,6.0,9.0,0.0,0.0,0.0,0,0,1,0,0,1,0,0,0,0,1,0,0,0,0,0,0,1,1.0,1.0,1.0,1.0,1.0,1,0,0,0,0,0,0,0,1,0,0,0,0,1,0,0,0,0,0,0,0,1,1,0,0
474,0.0,0.0,9.0,1.0,7.0,1.0,0.0,1.0,8.0,10.0,10.0,1.0,0.0,1.0,0,1,0,1,0,0,0,0,0,0,0,1,0,0,0,0,0,1,1.0,1.0,0.0,0.0,0.0,0,0,0,0,1,0,0,1,0,0,0,0,0,0,0,0,0,1,0,0,0,1,1,0,0
475,1.0,0.0,1.0,1.0,7.0,0.0,0.0,1.0,7.0,7.0,8.0,0.0,1.0,1.0,0,1,0,0,1,0,0,0,0,0,1,0,0,0,0,0,0,1,1.0,1.0,1.0,0.0,0.0,0,0,0,0,1,0,1,0,0,0,0,0,0,0,0,1,0,0,0,0,0,1,1,0,0
476,1.0,1.0,0.0,1.0,6.0,1.0,0.0,1.0,6.0,9.0,9.0,0.0,0.0,1.0,0,1,0,0,1,0,0,0,0,0,1,0,0,0,0,0,0,1,1.0,1.0,0.0,0.0,0.0,0,0,0,0,1,0,1,0,0,0,0,0,0,0,0,1,0,0,0,0,0,1,1,0,0
477,1.0,0.0,-8.0,0.0,7.0,1.0,1.0,0.0,4.0,10.0,7.0,0.0,1.0,1.0,0,1,0,0,0,1,0,0,0,0,1,0,0,0,0,0,0,1,1.0,0.0,1.0,1.0,0.0,1,0,0,0,0,0,0,1,0,0,0,0,0,0,0,0,0,0,1,0,0,1,0,0,1
478,2.0,0.0,-8.0,0.0,3.0,1.0,0.0,0.0,4.0,7.0,2.0,1.0,1.0,1.0,0,1,0,0,0,1,0,0,0,0,1,0,0,0,0,0,0,1,1.0,1.0,1.0,0.0,0.0,0,0,0,0,1,0,0,0,0,0,1,0,0,1,0,0,0,0,0,0,1,0,0,1,0
479,4.0,0.0,-6.0,0.0,4.0,0.0,0.0,0.0,5.0,7.0,6.0,0.0,0.0,1.0,0,1,0,0,0,1,0,0,0,1,0,0,0,0,0,1,0,0,1.0,1.0,0.0,1.0,0.0,0,1,0,0,0,0,0,0,1,0,0,0,0,1,0,0,0,0,0,1,0,0,0,0,1
480,2.0,0.0,-3.0,0.0,7.0,1.0,0.0,1.0,3.0,10.0,0.0,0.0,1.0,1.0,0,1,0,0,0,0,0,1,0,0,0,0,0,0,0,1,0,0,1.0,1.0,0.0,1.0,1.0,0,0,0,0,1,0,0,0,1,0,0,0,0,1,0,0,0,0,0,0,0,1,0,0,1
481,1.0,1.0,-6.0,0.0,3.0,1.0,0.0,0.0,4.0,7.0,4.0,1.0,1.0,1.0,0,1,0,0,0,1,0,0,0,0,1,0,0,0,0,1,0,0,1.0,1.0,0.0,0.0,0.0,0,0,1,0,0,0,0,0,0,0,1,0,0,0,0,1,0,0,0,0,1,0,1,0,0
